1	FN-1	M2	7	5	1
2	FN_N1-26-1	M3	61	21	1
3	FN_N1-116-1	M3	51	14	1
4	FN_N1-119-1	M3	49	7	1
5	FN_N1-130-1	M3	57	11	1
6	N1-130-2	M2	30	7	1
7	N1-130-3	M2	33	5	1
8	FN_N1-150-1	M3	63	12	1
9	FN_N1-151-1	M3	29	18	0
10	FN_N1-151-7	M3	76	17	0
11	FN_N1-169-1	M3	74	17	0
12	N1-169-2	M2	68	21	1
13	N1-169-3	M2	29	10	1
14	N1-169-4	M2	23	6	0
15	N1-169-5	M2	40	73	1
16	N1-169-6	M2	34	72	1
17	N1-169-7	M2	36	11	1
18	N1-169-8	M2	35	11	1
19	N1-169-9	M2	36	10	1
20	FN_N1-202-3	M3	53	12	1
21	FN_N1-213-1	M3	66	12	1
22	FN_N1-220-1	M3	47	8	1
23	FN-2	M2	6	11	1
24	FN_N2-29a-1	M3	68	48	1
25	FN-3	M2	22	28	1
26	FN-4	M2	32	24	1
27	FN-5	M2	33	75	1
28	FN-6	M2	37	31	1
29	FN-7	M2	27	10	1
30	W7-1-1	M2	54	8	1
31	FN-8	M2	41	13	1
32	FN-9	M2	59	71	1
33	FN-10	M2	48	18	1
34	FN-11	M2	75	56	1
35	FN-12	M2	37	204	1
36	FN-13	M2	55	19	1
37	FN-14	M2	38	13	1
38	FN-15	M2	30	62	1
39	FN-16	M2	56	34	1
40	FN-17	M2	64	24	1
41	FN-18	M2	69	12	1
42	FN-19	M2	25	9	1
43	FN-20	M2	31	9	1
44	FN-21	M2	34	5	1
45	FN-22	M2	40	8	1
46	W22-2-1	M2	47	5	1
47	FN-23	M2	43	34	1
48	W23-2-1	M2	52	8	1
49	FN-24	M2	27	8	1
50	FN-25	M2	37	7	1
51	FN-26	M2	29	34	1
52	FN-27	M2	30	56	1
53	FN-28	M2	31	9	1
54	FN-29	M2	30	27	1
55	FN-30	M2	50	70	1
56	FN-31	M2	32	14	1
57	FN-32	M2	31	60	1
58	FN-33	M2	22	4	1
59	FN-34	M2	27	32	1
60	FN-35	M2	40	88	1
61	FN-36	M2	33	10	1
62	FN-37	M2	22	19	1
63	FN-38	M2	9	3	1
64	FN-39	M2-SOS	17	73	1
65	FN-40	M2	23	4	1
66	FN-41	M2	41	119	1
67	FN-42	M2	31	4	1
68	W42-1-3S-1	M2	83	73	0
69	FN-43	M2	18	5	1
70	FN-44	M2	34	21	1
71	FN-45	M2	30	29	1
72	FN-46	M2	16	5	1
73	FN-47	M2	28	78	1
74	FN-48	M2	71	14	1
75	FN-49	M2	44	17	1
76	FN-50	M2-SOS	74	76	1
77	FN-51	M2	34	5	1
78	FN-52	M2	45	142	1
79	FN-53	M2	50	10	1
80	FN-54	M2	43	83	1
81	FN-55	M2	39	13	1
82	FN-56	M2	45	11	1
83	FN-57	M2-SOS	0	0	1
84	FN-58	M2	1	8	1
85	FN-59	M2	56	21	1
86	FN-60	M2-SOS	32	110	1
87	FN-61	M2	46	51	1
88	FN-62	M2	41	9	1
89	FN-63	M2	46	33	1
90	FN-64	M2	36	29	1
91	FN-65	M2	41	12	1
92	FN-66	M2	51	76	1
93	FN-67	M2	100	20	1
94	FN-68	M2	101	24	1
95	FN-69	M2	78	119	1
96	FN-70	M2	97	17	1
97	FN-71	M2	109	9	1
98	FN-72	M2	66	4	1
99	FN-73	M2	60	6	1
100	FN-74	M2	47	109	1
101	FN-75	M2	40	8	1
102	FN75-S-S	M2	13	2	0
103	FN75-S-43	M2	24	2	0
104	FN-76	M2	59	80	1
105	FN-77	M2	35	82	1
106	FN-78	M2	49	15	1
107	FN-79	M2	45	75	1
108	FN-80	M2	37	30	1
109	FN-81	M2	56	46	1
110	FN-82	M2	35	77	1
111	FN-83	M2	48	33	1
112	FN-84	M2	45	15	1
113	FN-85	M2	48	10	1
114	FN-86	M2	33	15	1
115	FN-87	M2	55	8	1
116	FN-88	M2	45	36	1
117	FN-89	M2	41	13	1
118	FN-90	M2	32	10	1
119	FN-91	M2	25	30	1
120	FN-92	M2	42	50	1
121	FN-93	M2	63	263	1
122	FN-94	M2	55	9	1
123	FN-95	M2	60	161	1
124	FN-96	M2	32	6	1
125	FN-97	M2	45	8	1
126	FN-98	M2	35	9	1
127	FN-99	M2	42	10	1
128	FN-100	M2	76	29	1
129	FN-101	M2	67	15	1
130	FN-102	M2	97	13	1
131	FN-103	M2	46	7	1
132	FN-104	M2	57	18	1
133	FN-105	M2	54	55	1
134	FN-106	M2	51	21	1
135	FN-107	M2	55	24	1
136	FN-108	M2	41	54	1
137	FN-109	M2	60	52	1
138	FN-110	M2	49	14	1
139	FN-111	M2	43	7	1
140	FN-112	M2	49	15	1
141	FN-113	M2	47	109	1
142	FN-114	M2	66	11	1
143	FN-115	M2	52	15	1
144	FN-116	M2	29	6	1
145	FN-117	M2	49	9	1
146	FN-118	M2	36	78	1
147	FN-119	M2	49	6	1
148	FN-120	M2	47	6	1
149	FN-121	M2	62	64	1
150	FN-122	M2	42	10	1
151	FN-123	M2	49	7	1
152	FN-124	M2	40	8	1
153	FN-125	M2	55	10	1
154	FN-126	M2	45	19	1
155	FN-127	M2	63	17	1
156	FN-128	M2	39	115	1
157	FN-129	M2	47	11	1
158	FN-130	M2	30	57	1
159	FN-131	M2	63	38	1
160	FN-132	M2	64	49	1
161	FN-133	M2	50	20	1
162	FN-134	M2	23	8	1
163	FN-135	M2	42	14	1
164	FN-136	M2	49	8	1
165	FN-137	M2	59	14	1
166	FN-138	M2	31	27	0
167	W138-2-1	M2	73	15	1
168	FN-139	M2	45	17	1
169	FN-140	M2	42	7	1
170	FN-141	M2	48	60	1
171	FN-142	M2	60	21	1
172	FN-143	M2	43	42	1
173	FN-144	M2	66	8	1
174	FN-145	M2	56	48	1
175	FN-146	M2	58	42	1
176	FN-147	M2	36	7	1
177	FN-148	M2	46	11	1
178	FN-149	M2	54	150	1
179	FN-150	M2	44	6	1
180	FN-151	M2	53	83	1
181	FN-152	M2	42	21	1
182	FN-153	M2	55	33	1
183	FN-154	M2	50	40	1
184	FN-155	M2	105	21	1
185	FN-156	M2	119	18	1
186	FN-157	M2	109	86	1
187	FN-158	M2	63	175	1
188	FN-159	M2	48	55	1
189	FN-160	M2	51	87	1
190	FN-161	M2	56	118	1
191	FN-162	M2	61	86	1
192	FN-163	M2	57	38	1
193	FN-164	M2	79	61	1
194	FN-165	M2	41	6	1
195	FN-166	M2	63	20	1
196	FN-167	M2	75	58	1
197	FN-168	M2	46	15	1
198	FN-169	M2	75	91	1
199	FN-170	M2	85	62	1
200	FN-171	M2	63	22	1
201	FN-172	M2	54	3	1
202	FN-173	M2	63	13	1
203	FN-174	M2	108	20	1
204	FN-175	M2	81	83	1
205	FN-176	M2	34	16	1
206	FN-177	M2	36	5	1
207	FN-178	M2	42	5	1
208	FN-179	M2	40	10	1
209	FN-180	M2-SOS	41	63	1
210	FN-181	M2	70	28	1
211	FN-182	M2	55	11	1
212	FN-183	M2	56	73	1
213	FN-184	M2	62	20	1
214	FN-185	M2-SOS	49	14	1
215	FN185-2_3_4	M2	53	11	0
216	FN185-2/3/4	M2	5	75	0
217	FN-186	M2	42	5	1
218	FN-187	M2	66	71	1
219	FN-188	M2	56	19	1
220	FN-189	M2	100	48	1
221	FN-190	M2	70	9	1
222	FN-191	M2	70	26	1
223	FN-192	M2	53	9	1
224	FN-193	M2	44	46	1
225	FN-194	M2	56	17	1
226	FN-195	M2	51	19	1
227	FN-196	M2	48	8	1
228	FN-197	M2	43	64	1
229	FN-198	M2	65	36	1
230	FN-199	M2	57	11	1
231	FN-200	M2	55	25	1
232	FN-201	M2	45	241	1
233	FN-202	M2	70	14	1
234	FN-203	M2	54	61	1
235	FN-204	M2	50	98	1
236	FN-205	M2	41	11	1
237	FN-206	M2	65	187	1
238	FN-207	M2	64	406	1
239	FN-208	M2	52	105	1
240	FN-210	M2	46	62	1
241	FN-211	M2	51	11	1
242	FN-212	M2	57	131	1
243	FN-213	M2	46	171	1
244	FN-214	M2	31	6	1
245	FN-215	M2	80	152	1
246	FN-216	M2	64	65	1
247	FN-217	M2	61	7	1
248	FN-218	M2	66	7	1
249	FN-219	M2	39	10	1
250	FN-220	M2	39	4	1
251	FN-221	M2	45	8	1
252	FN-222	M2	95	16	1
253	FN-223	M2	98	106	1
254	FN224-S	M2	52	102	1
255	FN-225	M2	87	13	1
256	FN-226	M2	76	233	1
257	FN-227	M2	49	25	1
258	FN-228	M2	48	8	1
259	FN229-S	M2	79	16	1
260	FN230-S	M2	68	4	1
261	FN-231	M2-SOS	95	113	1
262	FN-232	M2	108	12	1
263	FN-233	M2	84	96	1
264	FN-234	M2	72	18	1
265	FN-235	M2	76	5	1
266	FN-236	M2	82	10	1
267	FN-237	M2-SOS	53	18	1
268	FN-238	M2	45	6	1
269	FN239-S	M2	54	6	1
270	FN-240	M2	48	13	1
271	FN-241	M2	49	5	1
272	FN242-S	M2	54	100	1
273	FN-243	M2	51	67	1
274	FN244-S	M2	73	26	1
275	FN-245	M2	47	5	1
276	FN-246	M2	76	66	1
277	W246-5-1	M2	89	25	0
278	FN-247	M2	46	49	1
279	W247-2-1	M2	68	52	1
280	FN-248	M2	60	233	1
281	FN-249	M2	46	133	1
282	FN-250	M2	41	4	1
283	FN-251	M2	62	126	1
284	FN-252	M2	53	13	1
285	W252-6-1	M2	69	14	1
286	FN-253	M2	5	107	1
287	FN-254	M2	4	55	1
288	FN-255	M2	33	11	1
289	FN-256	M2	50	6	1
290	FN-257	M2	63	167	1
291	FN-258	M2	52	14	1
292	FN-259	M2	47	661	1
293	FN260-S	M2	56	15	0
294	FN-261	M2	43	54	1
295	FN-262	M2	42	10	1
296	FN-263	M2	26	4	1
297	FN-264	M2	62	23	1
298	FN-265	M2-SOS	63	29	1
299	FN266-S	M2	57	10	1
300	FN267-S	M2	42	4	1
301	FN-268	M2	72	16	1
302	FN-269	M2	72	155	1
303	FN-272	M2	70	16	1
304	FN-273	M2	68	115	1
305	FN-274	M2	70	19	1
306	FN-275	M2	57	11	1
307	FN276-S	M2	52	14	1
308	W276-2-1	M2	58	6	1
309	FN-277	M2	77	16	1
310	FN-278	M2	86	12	1
311	W278-3-1	M2	69	8	1
312	FN-279	M2	76	13	1
313	W279-4-1	M2	49	11	0
314	FN-281	M2	77	19	1
315	FN282-S	M2	53	83	1
316	FN-283	M2	73	14	1
317	FN-284	M2	50	135	1
318	FN-285	M2	89	27	1
319	FN-286	M2	68	49	1
320	FN-287	M2	79	22	1
321	FN-288	M2	76	46	1
322	FN-289	M2-SOS	56	15	1
323	FN-290	M2	68	86	1
324	FN-291	M2	54	28	1
325	FN-292	M2	54	13	1
326	FN-293	M2	48	26	1
327	FN-294	M2	60	29	1
328	FN-295	M2	45	5	1
329	FN-296	M2	43	70	1
330	FN-298	M2	52	24	1
331	FN-299	M2	43	8	1
332	FN-300	M2	49	40	1
333	FN-301	M2	49	12	1
334	FN302-S	M2	50	2	1
335	FN-303	M2	46	24	1
336	FN-304	M2-SOS	48	13	1
337	FN-305	M2	70	99	1
338	FN-306	M2	55	7	1
339	FN-307	M2	46	10	1
340	FN-308	M2	41	29	1
341	FN-309	M2	54	25	1
342	FN-310	M2	44	8	1
343	FN-311	M2	44	16	1
344	FN-312	M2	40	5	1
345	FN-313	M2	42	113	1
346	W313-1-1-1-1	M2	50	7	1
347	FN-314	M2	97	18	1
348	FN-315	M2	44	246	1
349	FN-316	M2	38	15	1
350	FN317-S	M2	49	114	1
351	FN318-S	M2	85	79	1
352	FN319-S	M2	64	28	1
353	FN320-S	M2	59	12	1
354	FN321-S	M2	52	11	1
355	FN322-S	M2	50	14	1
356	FN323-S	M2	51	9	1
357	FN-325	M2	36	4	1
358	FN-327	M2	42	35	1
359	FN-328	M2	41	9	1
360	FN-329	M2	60	161	1
361	FN-330	M2	42	73	1
362	FN-332	M2	57	12	1
363	FN-333	M2	33	59	1
364	FN-334	M2	47	63	1
365	FN-335	M2	74	16	1
366	FN-336	M2	49	92	1
367	FN337-S	M2	63	25	1
368	FN-338	M2	43	3	1
369	FN-339	M2	40	47	1
370	FN-341	M2	66	105	1
371	FN-342	M2	60	18	1
372	FN343-S	M2	82	33	1
373	FN-344	M2	117	24	1
374	FN-345	M2	67	167	1
375	FN-346	M2	55	21	1
376	FN347-S	M2	63	145	1
377	FN-348	M2	52	241	1
378	FN-349	M2	58	23	1
379	FN-350	M2	63	102	1
380	FN351-S	M2	58	40	1
381	FN-353	M2	58	31	1
382	FN354-S	M2	59	22	1
383	FN355-S	M2	59	7	1
384	FN-356	M2	51	10	1
385	FN358-S	M2	49	11	1
386	FN-359	M2	40	12	1
387	FN360-S	M2	40	8	1
388	W360-2S-2	M2	69	87	0
389	FN-361	M2	60	27	0
390	FN-362	M2	72	227	1
391	FN-363	M2	67	152	1
392	FN-364	M2	42	10	1
393	FN-365	M2	36	54	1
394	FN-366	M2	47	11	1
395	FN367-S	M2	50	104	1
396	FN-368	M2	48	12	1
397	FN369-S	M2	64	86	1
398	FN-370	M2	61	7	1
399	FN-371	M2	47	45	1
400	FN-372	M2	42	4	1
401	FN373-S	M2	57	12	1
402	FN-374	M2	54	11	1
403	FN-375	M2	62	157	1
404	FN-377	M2	34	5	1
405	FN378-S	M2	38	91	1
406	FN-379	M2	39	41	1
407	FN-380	M2	44	13	1
408	FN-381	M2	42	49	1
409	FN-382	M2	44	57	1
410	FN-384	M2	38	7	1
411	W385-6-8-4	M2	86	58	0
412	FN-386	M2	46	31	1
413	FN-387	M2	56	37	1
414	FN-388	M2	36	26	1
415	FN389-S	M2	77	109	1
416	FN-390	M2	64	23	1
417	FN391-S	M2	75	7	1
418	FN-392	M2	61	47	1
419	FN-393	M2	31	6	1
420	FN-394	M2	62	16	1
421	FN395-S	M2	56	41	1
422	FN-396	M2-SOS	36	8	1
423	FN-397	M2	47	6	1
424	FN_398-1	M2	46	21	0
425	FN_398-3-4-5	M2	38	20	0
426	FN399-S	M2	61	11	1
427	FN-399	M2	51	38	1
428	FN400-S	M2	53	531	1
429	FN-400	M2	40	88	1
430	FN-401	M2	47	46	1
431	FN401-S	M2	48	32	1
432	FN-402	M2	68	20	1
433	FN402-S	M2	55	6	1
434	FN403-S	M2	49	9	1
435	FN-403	M2	34	100	1
436	FN404-S	M2	59	9	1
437	FN-404	M2	3	2	1
438	FN405-S	M2	56	153	1
439	FN-405	M2	1	0	1
440	FN-406	M2	47	6	1
441	FN406-S	M2	62	136	1
442	FN407-S	M2	61	174	1
443	FN-407	M2	59	176	1
444	FN-408	M2	101	17	1
445	FN408-S	M2	46	11	1
446	FN-409	M2	72	19	1
447	FN409-S	M2	61	10	1
448	FN-410	M2	78	100	1
449	FN410-S	M2	51	13	1
450	FN411-S	M2	61	8	1
451	FN-411	M2	58	127	1
452	FN412-S	M2	48	7	1
453	FN-412	M2	50	66	1
454	FN413-S	M2	49	10	1
455	FN414-S	M2	79	42	0
456	FN415-S	M2	41	9	1
457	FN416-S	M2	79	36	1
458	W416-6-1	M2	54	48	1
459	FN417-S	M2	59	58	1
460	FN418-S	M2	72	19	1
461	FN419-S	M2	62	16	1
462	FN420-S	M2	62	80	1
463	FN421-S	M2	59	29	1
464	FN422-S	M2	11	11	1
465	FN423-S	M2	5	1	1
466	W423-5-1	M2	74	52	1
467	FN424-S	M2	98	106	1
468	FN425-S	M2	70	68	0
469	FN426-S	M2	64	30	1
470	W426-1-1	M2	61	37	1
471	FN427-S	M2	73	41	1
472	W427-1-1	M2	50	12	1
473	FN428-S	M2	87	15	1
474	FN429-S	M2	85	23	1
475	FN430-S	M2	83	86	1
476	FN431-S	M2	62	42	1
477	FN432-S	M2	67	92	1
478	FN433-S	M2	48	42	1
479	FN434-S	M2	60	30	1
480	FN435-S	M2	39	72	1
481	FN436-S	M2	58	14	1
482	FN437-S	M2	62	50	1
483	FN438-S	M2	78	28	1
484	FN439-S	M2	78	25	1
485	FN440-S	M2	51	44	1
486	FN441-S	M2	68	14	1
487	FN442-S	M2	62	21	1
488	FN443-S	M2	60	33	1
489	W443-5-1-3	M2	60	7	0
490	FN444-S	M2	52	24	1
491	FN445-S	M2	73	34	1
492	FN446-S	M2	50	11	1
493	FN447-S	M2	75	61	1
494	FN448-S	M2	70	11	1
495	FN449-S	M2	65	141	1
496	FN450-S	M2	48	13	1
497	W450-6-1	M2	55	10	1
498	FN451-S	M2	66	14	1
499	FN452-S	M2	39	21	1
500	FN453-S	M2	47	57	1
501	W453-3-1	M2	68	14	1
502	FN454-S	M2	44	11	1
503	FN455-S	M2	62	112	1
504	FN456-S	M2	90	62	1
505	FN457-S	M2	69	71	1
506	FN458-S	M2	46	18	1
507	FN459-S	M2	65	27	1
508	FN460-S	M2	69	17	1
509	FN461-S	M2	75	40	1
510	FN462-S	M2	72	11	1
511	FN463-S	M2	58	53	1
512	W463-2-1	M2	76	58	1
513	FN464-S	M2	72	15	1
514	W464-2-1	M2	58	26	1
515	FN465-S	M2	72	21	1
516	FN466-S	M2	61	18	1
517	W466-5-1	M2	67	11	1
518	FN467-S	M2	69	18	1
519	FN468-S	M2	55	21	1
520	FN469-S	M2	70	76	1
521	FN470-S	M2	58	13	1
522	W470-2-1	M2	78	14	1
523	FN471-S	M2	55	16	1
524	FN472-S	M2	47	31	1
525	W472-5-1	M2	66	13	1
526	FN473-S	M2	68	19	1
527	FN474-S	M2	71	55	1
528	FN475-S	M2	60	105	1
529	W475-4-2	M2	47	95	1
530	FN476-S	M2	72	14	1
531	FN477-S	M2	63	34	1
532	FN478-S	M2	55	9	1
533	FN479-S	M2	63	17	1
534	FN480-S	M2	66	147	1
535	W481-5-1	M2	66	15	1
536	FN482-S	M2	63	10	1
537	FN483-S	M2	86	32	1
538	FN484-S	M2	62	13	1
539	FN485-S	M2	65	21	1
540	FN486-S	M2	65	15	1
541	FN487-S	M2	71	78	1
542	FN488-S	M2	78	52	1
543	FN489-S	M2	63	51	1
544	FN490-S	M2	74	53	1
545	FN491-S	M2	72	50	1
546	FN492-S	M2	46	10	1
547	FN493-S	M2	58	14	1
548	FN494-S	M2	74	12	1
549	FN495-S	M2	71	35	1
550	FN496-S	M2	73	52	1
551	FN497-S	M2	87	25	1
552	FN498-S	M2	80	19	1
553	FN499-S	M2	68	16	1
554	FN500-S	M2	60	16	1
555	W500-4-7-1	M2	59	111	0
556	FN501-S	M2	69	20	1
557	FN502-S	M2	63	45	1
558	W502-3-4	M2	50	17	1
559	FN503-S	M2	75	99	1
560	FN504-S	M2	72	19	1
561	FN505-S	M2-SOS	84	42	1
562	FN506-S	M2	56	143	1
563	FN507-S	M2	67	174	1
564	FN508-S	M2	52	4	1
565	FN509-S	M2	91	70	1
566	FN510-S	M2	67	12	1
567	FN511-S	M2	61	14	1
568	FN512-S	M2	77	27	1
569	FN513-S	M2	68	15	1
570	FN514-S	M2	52	17	1
571	FN515-S	M2	50	60	1
572	FN516-S	M2	66	73	1
573	FN517-S	M2	53	67	1
574	FN518-S	M2	37	18	1
575	FN519-S	M2	33	100	1
576	FN520-S	M2	53	15	1
577	FN521-S	M2	79	22	1
578	FN522-S	M2	71	97	1
579	FN523-S	M2	41	8	1
580	FN524-S	M2	69	60	1
581	FN525-S	M2	52	10	1
582	FN526-S	M2	52	14	1
583	FN527-S	M2	67	94	1
584	FN528-S	M2-SOS	6	0	1
585	FN529-BCF2-10	M2	44	8	1
586	FN530-S	M2	71	20	1
587	FN531-S	M2	43	23	1
588	FN532-S	M2-SOS	50	12	1
589	FN533-S	M2	58	31	1
590	FN534-S	M2	61	46	1
591	FN536-S	M2	56	49	1
592	FN537-S	M2	66	74	1
593	FN538-S	M2	5	2	1
594	FN539-S	M2	60	19	1
595	FN540-S	M2	64	101	1
596	FN541-S	M2	54	43	1
597	FN542-S	M2	63	21	1
598	FN543-S	M2	79	91	1
599	FN_543-2-6	M3	64	9	1
600	FN544-S	M2	72	35	1
601	FN545-S	M2	71	16	1
602	FN_546-3-1	M3	65	15	1
603	FN547-S	M2	56	173	1
604	FN548-S	M2	75	35	1
605	FN549-S	M2	59	14	1
606	FN550-S	M2	76	36	1
607	FN551-S	M2	64	83	1
608	FN552-S	M2-SOS	68	115	1
609	FN_552-1-1	M3	59	10	0
610	FN553-S	M2	69	33	1
611	FN554-S	M2-SOS	53	16	1
612	W554-1-1	M2	52	55	1
613	FN555-S	M2	65	37	1
614	FN558-S	M2	52	10	1
615	FN559-S	M2	36	5	1
616	FN560-S	M2	47	14	1
617	FN561-S	M2	67	11	1
618	FN563-S	M2	44	12	1
619	FN564-S	M2	56	26	1
620	FN565-S	M2	66	193	1
621	FN566-S	M2	59	8	1
622	FN567-1-3	M2	57	38	0
623	FN568-S	M2	54	43	1
624	FN569-S	M2	47	21	1
625	FN570-S	M2	42	14	1
626	FN571-S	M2	60	13	1
627	FN573-S	M2	54	18	1
628	FN574-S	M2	58	8	1
629	FN576-S	M2	70	31	1
630	FN577-S	M2	68	34	1
631	W577-3-1	M2	63	51	1
632	FN579-S	M2-SOS	69	26	1
633	FN580-S	M2	56	14	1
634	FN581-S	M2	73	34	1
635	FN584-S	M2-SOS	66	16	1
636	FN585-S	M2	61	203	1
637	FN587-S	M2	60	70	1
638	FN588-S	M2	71	9	1
639	FN589-S	M2	65	18	1
640	FN590-S	M2	50	9	1
641	FN591-S	M2	69	182	1
642	W591-4-1	M2	48	18	1
643	FN593-S	M2	56	10	1
644	FN594-S	M2	51	11	1
645	FN596-S	M2	56	202	1
646	W596-1-1	M2	42	54	0
647	FN597-S	M2	49	13	1
648	FN598-S	M2	82	24	1
649	W598-2-1	M2	58	15	1
650	FN601-S	M2	59	17	1
651	W607-2-1	M2	64	11	1
652	FN618-S	M2	62	57	1
653	FN619-S	M2	53	21	1
654	FN620-S	M2	92	77	1
655	FN621-S	M2	72	21	1
656	FN622-S	M2	66	31	1
657	FN623-S	M2	59	260	1
658	FN624-S	M2	57	58	1
659	FN625-S	M2	59	16	1
660	FN626-S	M2	62	14	1
661	FN627-S	M2	85	149	1
662	FN628-S	M2	56	40	1
663	FN629-S	M2	50	14	1
664	FN630-S	M2	50	34	1
665	FN631-S	M2	67	17	1
666	CW-631-3-1	M2	74	20	1
667	FN632-S	M2	69	18	1
668	FN633-S	M2	66	20	1
669	FN654-S	M2	74	18	1
670	FN660-S	M2	43	17	1
671	FN661-S	M2	80	43	1
672	FN662-S	M2	53	36	1
673	FN664-S	M2	46	35	1
674	FN666-S	M2	71	60	1
675	FN669-S	M2	73	24	1
676	FN670-S	M2	89	69	1
677	FN671-S	M2	69	8	1
678	FN672-S	M2	64	70	1
679	FN673-S	M2	84	37	1
680	W674-4-1	M2	59	16	0
681	FN677-S	M2	50	7	1
682	FN678-S	M2	76	29	1
683	FN679-S	M2	51	12	1
684	FN680-S	M2	60	15	1
685	FN681-S	M2	66	14	1
686	FN682-S	M2	39	15	1
687	FN683-S	M2	14	45	1
688	FN684-S	M2	73	48	1
689	FN685-S	M2	44	12	1
690	FN687-S	M2	72	16	1
691	FN689-S	M2	67	94	1
692	FN690-S	M2	59	24	1
693	FN691-S	M2	64	26	1
694	FN692-S	M2	76	16	1
695	FN693-S	M2	13	29	1
696	FN695-S	M2	47	36	1
697	FN696-S	M2	45	6	1
698	FN697-S	M2	29	37	1
699	FN698-S	M2	42	12	1
700	FN700-S	M2	58	31	1
701	FN701-S	M2	73	42	1
702	701-1	M2	36	16	1
703	701-2	M2	21	34	1
704	701-3	M2	45	50	1
705	701-4	M2	24	47	1
706	701-5	M2	18	7	1
707	701-6	M2	27	15	1
708	701-7	M2	28	9	1
709	701-8	M2	20	7	1
710	FN702-S	M2	79	44	1
711	702-1	M2	29	12	1
712	702-2-1	M2	28	16	0
713	702-4	M2	27	13	1
714	702-5-1	M2	28	9	1
715	702-6	M2	26	20	1
716	702-7	M2	31	25	1
717	702-8	M2	12	7	1
718	FN703-S	M2	55	20	1
719	703-1	M2	30	25	0
720	703-2	M2	24	22	1
721	703-3	M2	24	37	1
722	703-4	M2	34	56	1
723	703-5	M2-SOS	14	15	1
724	FN704-S	M2	66	16	1
725	704-1-1	M2	32	10	0
726	704-2	M2	22	8	1
727	704-3	M2	21	7	1
728	704-4-3	M2	36	25	1
729	704-5	M2	22	9	1
730	704-6	M2-SOS	19	7	1
731	FN705-S	M2	46	5	0
732	705-1	M2	36	8	1
733	705-2	M2	38	11	1
734	705-3	M2	33	40	1
735	705-6	M2	49	54	1
736	705-7	M2	43	44	0
737	FN706-S	M2	56	16	1
738	706-1	M2	34	7	1
739	706-2	M2	31	5	1
740	W706-3-1	M2	67	11	1
741	FN707-S	M2	60	28	1
742	707-1	M2	41	31	1
743	707-2	M2	35	13	1
744	707-3	M2	34	28	1
745	707-4	M2	33	28	1
746	707-5	M2	29	31	1
747	707-6	M2	28	25	1
748	707-7	M2	32	17	1
749	FN708-S	M2	60	9	1
750	FN709-S	M2	55	44	1
751	FN710-S	M2	46	15	1
752	FN711-S	M2	62	85	1
753	FN712-S	M2	63	13	1
754	FN713-S	M2	67	12	1
755	FN714-S	M2	74	14	1
756	FN715-S	M2	62	68	1
757	FN718-S	M2	77	26	1
758	FN721-S	M2	65	12	1
759	W721-2-1	M2	54	17	1
760	FN722-S	M2	67	109	1
761	FN723-S	M2	79	224	1
762	FN724-S	M2	72	29	1
763	FN725-S	M2	81	52	1
764	FN726-S	M2	63	20	1
765	FN727-S	M2	62	127	1
766	FN728-S	M2	70	37	1
767	FN729-S	M2	55	24	1
768	FN730-S	M2	63	33	1
769	FN731-S	M2	69	31	1
770	FN732-S	M2	61	26	1
771	FN733-S	M2	67	37	1
772	FN734-S	M2	68	34	1
773	FN735-S	M2	58	14	1
774	FN736-S	M2	54	12	1
775	FN737-S	M2	65	25	1
776	FN738-S	M2	58	324	1
777	FN739-S	M2	71	28	1
778	FN740-S	M2	60	58	1
779	FN742-S	M2	77	36	1
780	FN743-S	M2	53	76	1
781	FN744-S	M2	58	21	1
782	FN745-S	M2	54	70	1
783	FN747-S	M2	75	27	1
784	FN748-S	M2	56	41	1
785	FN750-S	M2	45	11	1
786	FN751-S	M2	56	14	1
787	FN752-S	M2	55	28	1
788	FN753-S	M2	58	20	1
789	FN754-S	M2	47	4	1
790	FN755-S	M2	60	15	1
791	FN756-S	M2	62	7	1
792	FN757-S	M2	43	16	1
793	FN758-S	M2	44	102	1
794	FN759-S	M2	53	40	1
795	FN760-S	M2	62	35	1
796	FN761-S	M2	42	7	1
797	FN762-S	M2	76	65	1
798	FN763-S	M2	40	8	1
799	FN764-S	M2	71	37	1
800	FN765-S	M2	66	61	1
801	FN767-S	M2	49	3	1
802	FN768-S	M2	69	14	1
803	FN769-S	M2	72	33	1
804	FN_769-4-1	M3	67	27	0
805	FN770-S	M2	77	49	1
806	FN_770-6-1	M3	60	50	1
807	FN771-S	M2	61	35	1
808	FN772-S	M2	87	14	1
809	FN_772-3-1	M3	55	18	1
810	FN773-S	M2	50	13	1
811	FN774-S	M2	65	13	1
812	FN775-S	M2	75	210	1
813	FN776-S	M2	63	10	1
814	FN_776-5-1	M3	58	17	1
815	FN777-S	M2	39	20	1
816	FN_777-2-1	M3	71	29	0
817	FN778-S	M2	76	29	1
818	FN779-S	M2	58	182	1
819	FN780-S	M2	70	163	1
820	FN781-S	M2	56	30	1
821	FN782-S	M2	55	66	1
822	FN783-S	M2	36	12	1
823	FN784-S	M2	43	153	1
824	FN785-S	M2	63	14	1
825	FN786-S	M2	78	164	1
826	FN_786-4-1	M3	64	8	1
827	FN788-S	M2	68	55	1
828	FN_788-1-1	M3	53	7	0
829	FN789-S	M2	61	151	1
830	FN_789-2-1	M3	58	53	1
831	FN_789-3-1	M3	87	45	0
832	FN790-S	M2	41	37	1
833	FN791-S	M2	58	14	1
834	FN792-S	M2	44	7	1
835	FN793-S	M2	51	19	1
836	FN794-S	M2	48	25	1
837	FN795-S	M2	57	27	1
838	FN796-S	M2	56	38	1
839	FN797-S	M2	52	11	1
840	FN798-S	M2	56	31	1
841	FN_798-4-2	M3	53	12	0
842	FN799-S	M2	47	20	1
843	FN801-S	M2	61	32	1
844	FN803-S	M2	48	18	1
845	FN804-S	M2	77	23	1
846	FN805-S	M2	70	45	1
847	FN806-S	M2	73	20	1
848	FN807-S	M2	50	6	1
849	FN_807-3-1	M3	64	18	1
850	FN808-S	M2	46	11	1
851	FN809-S	M2	50	12	1
852	FN_809-6-1	M3	54	26	1
853	FN810-S	M2	79	27	1
854	FN811-S	M2	65	16	1
855	FN812-S	M2	54	15	1
856	FN_812-4-1	M3	63	14	1
857	FN813-S	M2	51	14	1
858	FN814-S	M2	55	18	1
859	FN_814-7-1	M3	67	96	1
860	FN815-S	M2	52	197	1
861	FN_815-4-1	M3	53	11	1
862	FN817-S	M2	62	20	1
863	FN818-S	M2	51	12	1
864	FN819-S	M2	91	13	1
865	FN820-S	M2	46	8	1
866	FN821-S	M2	48	23	1
867	FN_822-5-1	M3	58	104	1
868	822-5-5	M2	21	99	1
869	822-5-6	M2	46	9	1
870	FN824-S	M2	65	134	1
871	FN825-S	M2	63	18	1
872	FN_826-4-1	M3	39	35	0
873	FN_827-1	M3	70	38	1
874	FN828-S	M2	52	6	1
875	FN829-S	M2	53	40	1
876	FN_829-2-5	M3	56	17	1
877	FN830-S	M2	49	25	1
878	FN_830-6-1	M3	53	7	1
879	FN831-S	M2	56	46	1
880	FN_831-4-1	M3	52	64	1
881	FN832-S	M2	41	33	1
882	FN833-S	M2	67	22	1
883	FN835-S	M2	76	47	1
884	FN836-S	M2	75	22	1
885	FN837-S	M2	74	68	1
886	FN838-S	M2	47	11	1
887	FN840-S	M2	58	64	1
888	FN_841-7-2	M3	28	34	1
889	FN845-S	M2	47	31	1
890	FN846-S	M2	76	77	1
891	FN_846-8-1	M3	51	9	0
892	FN848-S	M2	76	11	1
893	FN849-S	M2	68	21	1
894	FN850-S	M2	57	61	1
895	FN851-S	M2	70	44	1
896	FN852-S	M2	78	69	1
897	FN853-S	M2	37	7	1
898	FN854-S	M2	41	13	1
899	FN855-S	M2	23	3	1
900	FN856-S	M2	32	45	1
901	FN857-S	M2	57	8	1
902	FN858-S	M2	70	49	1
903	FN859-S	M2	64	28	1
904	FN860-S	M2	56	6	1
905	FN861-S	M2	54	31	1
906	FN862-S	M2	46	12	1
907	FN863-S	M2	71	19	1
908	FN864-S	M2	66	21	1
909	FN865-S	M2	60	90	1
910	FN866-S	M2-SOS	50	11	1
911	FN867-S	M2	57	16	1
912	FN868-S	M2	50	5	1
913	FN869-S	M2	74	14	1
914	FN870-S	M2	73	190	0
915	FN871-S	M2	67	12	1
916	FN872-S	M2	67	18	1
917	FN873-S	M2	72	34	1
918	FN874-S	M2	71	57	1
919	FN875-S	M2	61	16	1
920	FN876-S	M2	53	12	1
921	FN877-S	M2	7	2	1
922	FN878-S	M2	4	1	1
923	FN879-S	M2	58	16	1
924	FN880-S	M2	49	34	1
925	FN881-S	M2	62	19	1
926	FN882-S	M2	51	195	1
927	FN883-S	M2	76	15	1
928	FN884-S	M2	55	38	1
929	FN885-S	M2	61	12	1
930	FN886-S	M2	71	12	1
931	FN887-S	M2-SOS	72	78	1
932	FN888-S	M2	67	116	1
933	FN889-S	M2	60	42	1
934	FN890-S	M2	66	93	1
935	FN891-S	M2-SOS	75	24	1
936	FN892-S	M2	55	10	1
937	FN893-S	M2	58	76	1
938	FN894-S	M2	64	16	1
939	FN895-S	M2	61	6	1
940	FN896-S	M2	63	67	1
941	FN897-S	M2	92	28	0
942	FN898-S	M2	104	67	1
943	FN899-S	M2	95	58	1
944	FN900-S	M2	68	30	1
945	FN901-S	M2-SOS	85	33	1
946	FN902-S	M2	57	20	1
947	FN903-S	M2	58	40	1
948	FN904-S	M2	61	254	1
949	FN905-S	M2	6	1	1
950	FN906-S	M2	47	16	1
951	FN907-S	M2	67	28	1
952	FN908-S	M2	81	66	1
953	FN909-S	M2	77	28	1
954	FN910-S	M2	89	23	1
955	FN911-S	M2	88	53	1
956	FN912-S	M2	69	103	1
957	FN913-S	M2	1	0	1
958	FN914-S	M2	75	23	1
959	FN915-S	M2	77	13	1
960	FN916-S	M2	68	22	1
961	FN917-S	M2	77	106	1
962	FN918-S	M2	63	9	1
963	FN919-S	M2	101	29	1
964	FN920-S	M2	68	27	1
965	FN921-S	M2	68	26	1
966	FN922-S	M2	62	44	1
967	FN923-S	M2	82	110	1
968	FN924-S	M2	76	38	1
969	FN925-S	M2	55	15	1
970	FN926-S	M2	78	13	1
971	FN927-S	M2	79	13	1
972	FN928-S	M2	73	77	1
973	FN929-S	M2	55	10	1
974	FN930-S	M2-SOS	53	20	1
975	FN931-S	M2	76	58	1
976	FN932-S	M2	41	42	1
977	FN933-S	M2	63	55	1
978	FN934-S	M2	74	44	1
979	FN935-S	M2-SOS	53	12	1
980	FN_935-1	M3	57	22	1
981	FN936-S	M2	56	21	1
982	FN937-S	M2	63	45	1
983	FN938-S	M2	51	8	1
984	FN939-S	M2	70	18	1
985	FN940-S	M2	59	9	1
986	FN941-S	M2	73	48	1
987	FN942-S	M2	54	36	1
988	FN943-S	M2	64	79	1
989	FN944-S	M2	81	144	1
990	FN945-S	M2	48	5	1
991	FN946-S	M2	51	22	1
992	FN947-S	M2	48	48	1
993	FN948-S	M2	48	68	1
994	FN949-S	M2	47	90	1
995	FN_949-1	M3	60	85	1
996	FN950-S	M2	59	15	0
997	FN951-S	M2-SOS	68	36	1
998	FN952-S	M2	72	12	1
999	FN953-S	M2	72	14	1
1000	FN955-S	M2	67	30	1
1001	FN_955-1	M3	63	65	0
1002	FN956-S	M2	62	15	1
1003	FN957-S	M2	71	14	1
1004	FN959-S	M2	78	18	1
1005	FN960-S	M2	65	7	1
1006	FN961-S	M2	77	17	1
1007	FN962-S	M2	67	19	1
1008	FN963-S	M2	61	13	1
1009	FN964-S	M2	60	9	1
1010	FN965-S	M2	7	4	1
1011	FN966-S	M2	8	2	1
1012	FN967-S	M2	63	17	1
1013	FN968-S	M2	64	15	1
1014	FN969-S	M2	48	15	1
1015	FN970-S	M2	30	7	1
1016	FN971-S	M2	50	11	1
1017	FN972-S	M2	43	7	1
1018	FN973-S	M2	89	39	1
1019	FN974-S	M2	56	75	1
1020	FN975-S	M2	64	11	1
1021	FN976-S	M2	72	13	1
1022	FN977-S	M2	47	28	1
1023	FN978-S	M2	89	21	1
1024	FN979-S	M2	42	19	1
1025	FN980-S	M2	55	13	1
1026	FN981-S	M2	49	13	1
1027	FN982-S	M2	75	20	1
1028	FN983-S	M2	62	46	1
1029	FN984-S	M2	67	15	1
1030	FN985-S	M2	58	21	1
1031	FN986-S	M2	56	15	1
1032	FN987-S	M2	54	11	1
1033	FN988-S	M2	67	14	1
1034	FN989-S	M2	70	10	1
1035	FN990-S	M2	72	50	1
1036	FN992-S	M2	40	35	1
1037	FN993-S	M2	66	42	1
1038	FN994-S	M2	41	17	1
1039	FN995-S	M2	62	32	1
1040	FN996-S	M2	51	14	1
1041	FN997-S	M2	53	6	1
1042	FN998-S	M2	49	7	1
1043	FN999-S	M2	56	14	1
1044	FN1000-S	M2	48	10	1
1045	FN1001-S	M2	47	14	1
1046	FN1002-S	M2	57	24	1
1047	FN1003-S	M2	39	42	1
1048	FN1006-S	M2	73	37	1
1049	FN1007-S	M2	28	7	1
1050	FN1008-S	M2	64	165	1
1051	FN1009-S	M2-SOS	65	18	1
1052	FN1011-S	M2	84	146	1
1053	FN1012-S	M2	71	26	1
1054	FN1014-S	M2	82	136	1
1055	FN1015-S	M2	67	109	1
1056	FN1016-S	M2	15	0	1
1057	FN_1017-1	M3	78	147	0
1058	FN1018-S	M2	68	23	1
1059	FN1020-S	M2	79	12	1
1060	FN1022-S	M2	105	74	1
1061	FN1023-S	M2	96	47	1
1062	FN1024-S	M2	93	238	1
1063	FN1025-S	M2	66	18	1
1064	FN1026-S	M2	82	73	1
1065	FN1027-S	M2-SOS	79	78	1
1066	FN1028-S	M2	82	11	1
1067	FN1029-S	M2	72	14	1
1068	FN1030-S	M2	71	26	1
1069	FN1031-S	M2	89	16	1
1070	FN1032-S	M2	60	9	1
1071	FN1033-S	M2	73	18	1
1072	FN1034-S	M2	44	31	1
1073	FN1035-S	M2	70	10	1
1074	FN1036-S	M2	61	153	1
1075	FN1037-S	M2	73	42	1
1076	FN1038-S	M2	53	75	1
1077	FN1039-S	M2	66	22	1
1078	FN1040-S	M2	54	8	1
1079	FN1042-S	M2	77	33	1
1080	FN1043-S	M2	35	17	1
1081	FN1045-S	M2	47	147	1
1082	FN1046-S	M2	71	170	1
1083	FN1047-S	M2	69	32	1
1084	FN1048-S	M2	91	120	1
1085	FN1049-S	M2	59	37	1
1086	FN1050-S	M2	61	68	1
1087	FN1052BCF2-34	M2	45	3	1
1088	FN1053-S	M2	71	202	1
1089	FN1056-S	M2	58	20	1
1090	FN1057-S	M2	66	23	1
1091	FN1058-S	M2	71	16	1
1092	FN1060-S	M2	64	68	1
1093	FN1061-S	M2	67	92	1
1094	FN1062-S	M2	70	23	1
1095	FN1064-S	M2	62	6	1
1096	FN1065-S	M2	77	256	1
1097	FN1067-S	M2	68	17	1
1098	FN1068-S	M2	59	43	1
1099	FN1069-S	M2	71	16	1
1100	FN1070-S	M2	45	7	1
1101	FN1071-S	M2	59	17	1
1102	FN1072-S	M2	73	14	1
1103	FN1073-S	M2	73	22	1
1104	FN1074-S	M2	20	23	1
1105	FN1075-S	M2	84	49	1
1106	FN1076-S	M2	63	74	1
1107	FN1079-S	M2	50	9	1
1108	FN1080-S	M2	76	15	1
1109	FN1082-S	M2	60	16	1
1110	FN1084-S	M2	50	12	1
1111	FN1085-S	M2	69	19	1
1112	FN1086-S	M2	71	12	1
1113	FN1089-S	M2	75	16	1
1114	FN1093-S	M2	64	11	1
1115	FN1094-S	M2	93	19	1
1116	FN1096-S	M2	46	33	1
1117	FN1097-S	M2	128	28	1
1118	FN1099-S	M2	52	22	1
1119	FN1100-S	M2	2	1	1
1120	FN1102-S	M2	62	15	1
1121	FN1103-S	M2	76	81	1
1122	FN1104-S	M2	65	42	1
1123	FN1106-S	M2	88	108	1
1124	FN1108-S	M2	81	6	1
1125	FN1109-S	M2	74	24	1
1126	FN1110-S	M2	4	24	1
1127	FN1112-S	M2	72	8	1
1128	FN1113-S	M2	69	25	1
1129	FN1114-S	M2	77	198	1
1130	FN1115-S	M2	65	11	1
1131	FN1116-S	M2	77	87	1
1132	FN1117-S	M2	63	55	1
1133	FN1118-S	M2	73	26	1
1134	FN1119-S	M2	47	11	1
1135	FN1120-S	M2	54	41	1
1136	FN1121-S	M2	76	14	1
1137	FN1122-S	M2	57	41	1
1138	FN1123-S	M2	61	36	1
1139	FN1124-S	M2	65	59	1
1140	FN1128-S	M2	44	48	1
1141	FN1129-S	M2	54	34	1
1142	FN1131-S	M2	50	18	1
1143	FN1133-S	M2	48	12	1
1144	FN1134-S	M2	41	137	1
1145	FN1135-S	M2	70	105	1
1146	FN1136-S	M2	59	48	0
1147	FN1136-19-S	M2	80	22	0
1148	FN1140-S	M2	73	18	1
1149	FN1142-S	M2	57	36	1
1150	FN1150-S	M2	45	10	1
1151	FN1151-S	M2	56	31	1
1152	FN1152-S	M2	104	57	1
1153	FN1153-S	M2	56	73	1
1154	FN1154-S	M2	71	12	1
1155	FN1156-S	M2	45	17	1
1156	FN1156-XA21	M2	97	15	1
1157	FN1158-S	M2	80	41	1
1158	FN1162-S	M2	69	60	1
1159	FN1163-S	M2	58	169	1
1160	FN1170-S	M2	57	11	1
1161	FN1173-S	M2	66	19	1
1162	FN1175-S	M2	67	31	1
1163	FN1176-S	M2	70	12	1
1164	FN1179-S	M2	63	85	1
1165	FN1180-S	M2	78	47	1
1166	FN1182-S	M2	86	15	1
1167	FN1184-S	M2	64	4	1
1168	FN1186-S	M2	68	245	1
1169	FN1188-S	M2	57	26	1
1170	FN1190-S	M2	61	137	1
1171	FN1192-S	M2	63	14	1
1172	FN1193-S	M2	59	11	1
1173	FN1195-S	M2	81	18	1
1174	FN1196-S	M2	71	29	1
1175	FN1197-S	M2	68	21	1
1176	FN1198-S	M2	44	31	1
1177	FN1200-S	M2	73	32	1
1178	FN1202-S	M2	58	7	1
1179	FN1203-S	M2	56	224	1
1180	FN1204-S	M2	64	84	1
1181	FN1205-S	M2	48	7	1
1182	FN1206-S	M2	53	46	1
1183	FN1209-S	M2	56	16	1
1184	FN1210-S	M2	51	25	1
1185	FN1211-S	M2	52	21	1
1186	FN1212-S	M2	76	63	1
1187	FN1213-S	M2	71	182	1
1188	FN1214-S	M2	71	25	1
1189	FN1215-S	M2	64	38	1
1190	FN1216-S	M2	65	29	1
1191	FN1217-S	M2	101	33	1
1192	FN1219-S	M2	69	14	1
1193	FN1220-S	M2	59	9	1
1194	FN1221-S	M2	74	71	1
1195	FN1222-S	M2	69	128	1
1196	FN1224-S	M2	53	12	1
1197	FN1227-S	M2	80	232	1
1198	FN1228-S	M2	83	12	1
1199	FN1229-S	M2	62	22	1
1200	FN1230-S	M2	61	9	1
1201	FN1231-S	M2	57	22	1
1202	FN1232-S	M2	49	10	1
1203	FN1233-S	M2	66	8	1
1204	FN1234-S	M2	60	26	1
1205	FN1236-S	M2	66	111	1
1206	FN1237-S	M2	85	124	1
1207	FN1239-S	M2	62	13	1
1208	FN1240-S	M2	62	25	1
1209	FN1241-S	M2	52	12	1
1210	FN1243-S	M2	65	37	1
1211	FN1247-S	M2	49	27	1
1212	FN1249-S	M2	53	75	1
1213	FN1250-S	M2	61	102	1
1214	FN1251-S	M2	66	117	1
1215	FN1252-S	M2	73	36	1
1216	FN1254-S	M2	59	18	1
1217	FN1255-S	M2	75	74	1
1218	FN1256-S	M2	59	86	1
1219	FN1257-S	M2	64	31	1
1220	FN1258-S	M2	69	40	1
1221	FN1261-S	M2	90	19	1
1222	FN1262-S	M2	68	136	1
1223	FN1263-S	M2	79	231	1
1224	FN1264-S	M2	72	25	1
1225	FN1265-S	M2	68	26	1
1226	FN1266-S	M2	54	152	1
1227	FN1268-S	M2	79	7	1
1228	FN1269-S	M2	66	53	1
1229	FN1270-S	M2	62	19	1
1230	FN1271-S	M2	53	27	1
1231	FN1272-S	M2	77	63	1
1232	FN1273-S	M2	66	88	1
1233	FN1274-S	M2	47	13	1
1234	FN1275-S	M2	41	109	1
1235	FN1276-S	M2	75	26	1
1236	FN1277-S	M2	73	11	1
1237	FN1278-S	M2	94	35	1
1238	FN1279-S	M2	66	18	1
1239	FN1280-S	M2	67	13	1
1240	FN1281-S	M2	55	83	1
1241	FN1282-S	M2	80	12	1
1242	FN1283-S	M2	62	27	1
1243	FN1284-S	M2	78	19	1
1244	FN1285-S	M2	80	37	1
1245	FN1286-S	M2	65	13	1
1246	FN1287-S	M2	72	138	1
1247	FN1288-S	M2	75	22	1
1248	FN1290-S	M2	55	12	1
1249	FN1292-S	M2	63	21	1
1250	FN1293-S	M2	63	40	1
1251	FN1295-S	M2	64	11	1
1252	FN1297-S	M2	92	28	1
1253	FN1299-S	M2	58	11	1
1254	FN1300-S	M2	78	16	1
1255	FN1301-S	M2	71	13	1
1256	FN1302-S	M2	77	74	1
1257	FN1304-S	M2	76	40	1
1258	FN1307-S	M2	52	9	1
1259	FN1309-S	M2	68	14	1
1260	FN1310-S	M2-SOS	50	37	1
1261	FN1313-S	M2	58	14	1
1262	FN1314-S	M2	56	9	1
1263	FN1315-S	M2-SOS	68	68	1
1264	FN1316-S	M2	51	19	1
1265	FN1317-S	M2	56	9	1
1266	FN1318-S	M2	75	70	1
1267	FN1319-S	M2	77	172	1
1268	FN1320-S	M2	64	12	1
1269	FN1321-S	M2	59	37	1
1270	FN1322-S	M2	44	105	1
1271	FN1323-S	M2	49	35	1
1272	FN1324-S	M2	67	38	1
1273	FN1325-S	M2	50	14	1
1274	FN1326-S	M2	69	88	1
1275	FN1327-S	M2	72	90	1
1276	FN1329-S	M2	50	16	1
1277	FN1330-S	M2	75	12	1
1278	FN1332-S	M2	70	59	1
1279	FN1333-S	M2	79	46	1
1280	FN1334-S	M2	57	10	1
1281	FN1335-S	M2	60	39	1
1282	FN1336-S	M2	66	74	1
1283	FN1337-S	M2	84	10	1
1284	FN1338-S	M2	67	171	1
1285	FN1339-S	M2	86	15	1
1286	FN1340-S	M2	77	73	1
1287	FN1344-S	M2	77	18	1
1288	FN1345-S	M2	60	14	1
1289	FN1346-S	M2	101	93	1
1290	FN1348-S	M2	72	12	1
1291	FN1349-S	M2	74	80	1
1292	FN1350-S	M2	38	14	1
1293	FN1351-S	M2	51	23	1
1294	FN1353-S	M2	59	15	1
1295	FN1355-S	M2	77	17	1
1296	FN1356-S	M2	67	114	1
1297	FN1357-S	M2	50	23	1
1298	FN1358-S	M2	64	8	1
1299	FN1363-S	M2	64	33	1
1300	FN1366-S	M2	82	16	1
1301	FN1367-S	M2	71	88	1
1302	FN1368-S	M2	65	8	1
1303	FN1369-S	M2	83	20	1
1304	FN1371-S	M2	89	49	1
1305	FN1372-S	M2	41	28	1
1306	FN1373-S	M2	68	16	1
1307	FN1374-S	M2	65	19	1
1308	FN1375-S	M2	89	35	1
1309	FN1376-S	M2	40	109	0
1310	FN1379-S	M2	98	87	1
1311	FN1380-S	M2	66	136	1
1312	FN1381-S	M2-SOS	44	6	1
1313	FN1382-S	M2	75	87	1
1314	FN1383-S	M2	40	8	1
1315	FN1384-S	M2	72	32	1
1316	FN1385-S	M2	72	136	1
1317	FN1388-S	M2	49	16	1
1318	FN1389-S	M2	95	43	1
1319	FN1392-S	M2-SOS	74	24	1
1320	FN1394-S	M2	73	30	1
1321	FN1395-S	M2	32	3	1
1322	FN1396-S	M2	61	58	1
1323	FN1399-S	M2	67	29	1
1324	FN1400-S	M2	58	26	1
1325	FN1401-S	M2	77	24	1
1326	FN1402-S	M2	83	111	1
1327	FN1403-S	M2	74	34	1
1328	FN1405-S	M2	61	20	1
1329	FN1406-S	M2	81	9	1
1330	FN1407-S	M2	71	23	1
1331	FN1409-S	M2	69	21	1
1332	FN1410-S	M2	70	28	1
1333	FN1411-S	M2	51	31	1
1334	FN1412-S	M2	66	30	1
1335	FN1413-S	M2	63	9	1
1336	FN1414-S	M2	74	10	1
1337	FN1415-S	M2	93	19	1
1338	FN1416-S	M2	76	76	1
1339	FN1419-S	M2	49	8	1
1340	FN1420-S	M2	61	12	1
1341	FN1421-S	M2	67	54	1
1342	FN1422-S	M2	73	19	1
1343	FN1423-S	M2	142	30	1
1344	FN1424-S	M2	74	190	1
1345	FN1426-S	M2	53	14	1
1346	FN1427-S	M2	74	18	1
1347	FN1429-S	M2	65	19	1
1348	FN1430-S	M2	76	12	1
1349	FN1431-S	M2	53	15	1
1350	FN1433-S	M2	74	167	1
1351	FN1434-S	M2	57	10	1
1352	FN1435-S	M2	76	20	1
1353	FN1436-S	M2	58	12	1
1354	FN1438-S	M2	62	14	1
1355	FN1439-S	M2	57	9	0
1356	FN1440-S	M2	61	9	1
1357	FN1441-S	M2	64	12	1
1358	FN1442-S	M2	69	9	1
1359	FN1443-S	M2	77	111	1
1360	FN1444-S	M2	50	67	1
1361	FN1445-S	M2	56	9	1
1362	FN1446-S	M2	64	59	1
1363	FN1448-S	M2	72	14	1
1364	FN1449-S	M2-SOS	46	9	1
1365	FN1450-S	M2	90	22	1
1366	FN1451-S	M2	50	8	1
1367	FN1452-S	M2	63	159	1
1368	FN1453-S	M2	75	58	1
1369	FN1455-S	M2	61	75	1
1370	FN1456-S	M2	87	10	1
1371	FN1458-S	M2	71	9	1
1372	FN1459-S	M2	64	279	1
1373	FN1460-S	M2	95	17	1
1374	FN1461-S	M2	63	12	1
1375	FN1462-S	M2	78	14	1
1376	FN1463-S	M2	73	118	1
1377	FN1464-S	M2	58	43	1
1378	FN1465-S	M2-SOS	93	46	1
1379	FN1466-S	M2	82	43	1
1380	FN1467-S	M2	76	22	1
1381	FN1468-S	M2	88	28	1
1382	FN1470-S	M2	92	33	1
1383	FN1471-S	M2	66	27	1
1384	FN1472-S	M2	99	28	1
1385	FN1473-S	M2	76	22	1
1386	FN1475-S	M2	87	16	1
1387	FN1476-S	M2	96	14	1
1388	FN1477-S	M2	94	21	1
1389	FN1478-S	M2-SOS	89	69	1
1390	FN1480-S	M2	97	18	1
1391	FN1481-S	M2	101	37	1
1392	FN1482-S	M2	70	27	1
1393	FN1483-S	M2	94	138	1
1394	FN1484-S	M2	97	44	1
1395	FN1485-S	M2	100	21	1
1396	FN1486-S	M2	80	83	1
1397	FN1488-S	M2	89	10	1
1398	FN1490-S	M2	65	10	1
1399	FN1492-S	M2	92	12	1
1400	FN1493-S	M2	102	21	1
1401	FN1494-S	M2	67	16	1
1402	FN1496-S	M2	76	12	1
1403	FN1497-S	M2	84	17	1
1404	FN1499-S	M2	84	11	1
1405	FN1501-S	M2	66	15	1
1406	FN1504-S	M2	93	12	1
1407	FN1505-S	M2	95	14	1
1408	FN1506-S	M2	96	36	1
1409	FN1508-S	M2	66	24	1
1410	FN1509-S	M2	111	17	1
1411	FN1512-S	M2	95	33	1
1412	FN1513-S	M2	95	22	1
1413	FN1514-S	M2	131	28	1
1414	FN1515-S	M2	98	15	1
1415	FN1516-S	M2	84	29	1
1416	FN1517-S	M2	83	28	1
1417	FN1519-S	M2	100	38	1
1418	FN1520-S	M2	106	29	1
1419	FN1521-S	M2	82	26	1
1420	FN1522-S	M2	64	16	1
1421	FN1523-S	M2	71	17	1
1422	FN1525-S	M2	85	11	1
1423	FN1526-S	M2	68	54	1
1424	FN1527-S	M2	76	5	1
1425	FN1528-S	M2	87	19	1
1426	FN1529-S	M2	109	20	1
1427	FN1531-S	M2	74	14	1
1428	FN1532-S	M2	78	15	1
1429	FN1533-S	M2	111	24	1
1430	FN1534-S	M2	58	12	1
1431	FN1535-S	M2	76	11	1
1432	FN1536-S	M2	98	30	1
1433	FN1537-S	M2	90	15	1
1434	FN1538-S	M2	91	40	1
1435	FN1540-S	M2	117	33	1
1436	FN1541-S	M2	102	19	1
1437	FN1543-S	M2	72	23	1
1438	FN1545-S	M2	100	532	1
1439	FN1546-S	M2	64	14	1
1440	FN1547-S	M2	75	54	1
1441	FN1548-S	M2	86	78	1
1442	FN1549-S	M2	69	33	1
1443	FN1550-S	M2	97	21	1
1444	FN1551-S	M2	75	12	1
1445	FN1552-S	M2	70	56	1
1446	FN1553-S	M2	85	19	1
1447	FN1554-S	M2	96	29	0
1448	FN1554-M	M2	9	3	0
1449	FN1554-37-38	M2	12	3	0
1450	FN1555-S	M2	66	68	1
1451	FN1556-S	M2	87	7	1
1452	FN1557-S	M2	104	35	1
1453	FN1559-S	M2	78	12	1
1454	FN1561-S	M2	127	22	1
1455	FN1563-S	M2	76	32	1
1456	FN1565-S	M2	81	26	1
1457	FN1566-S	M2	75	25	1
1458	FN1568-S	M2-SOS	76	11	1
1459	FN1570-S	M2	55	14	1
1460	FN1571-S	M2	90	12	1
1461	FN1572-S	M2	96	23	1
1462	FN1573-S	M2	91	15	1
1463	FN1575-S	M2	65	28	1
1464	FN1576-S	M2	77	19	1
1465	FN1577-S	M2	98	21	1
1466	FN1579-S	M2	60	10	1
1467	FN1582-S	M2	98	36	1
1468	FN1583-S	M2	64	16	1
1469	FN1585-S	M2	106	28	1
1470	FN1586-S	M2	67	39	1
1471	FN1590-S	M2	70	40	1
1472	FN1596-S	M2	86	31	1
1473	FN1600-S	M2	83	30	1
1474	FN1602-S	M2	84	18	1
1475	FN1606-S	M2	104	42	1
1476	FN1610-S	M2	89	17	1
1477	FN1613-S	M2	67	20	1
1478	FN1614-S	M2	71	13	1
1479	FN1615-S	M2	85	13	1
1480	FN1617-S	M2	91	28	1
1481	FN1618-S	M2	77	19	1
1482	FN1619-S	M2	98	21	1
1483	FN1622-S	M2	72	25	1
1484	FN1623-S	M2	86	26	1
1485	FN1624-S	M2	87	32	1
1486	FN1625-S	M2	99	38	1
1487	FN1626-S	M2	82	72	1
1488	FN1627-S	M2	80	55	1
1489	FN1630-S	M2	115	31	1
1490	FN1631-S	M2	68	16	1
1491	FN1633-S	M2	119	35	1
1492	FN1634-S	M2	123	58	1
1493	FN1635-S	M2	65	27	0
1494	FN1636-S	M2	91	42	1
1495	FN1638-S	M2	80	21	1
1496	FN1639-S	M2	84	16	1
1497	FN1640-S	M2	95	83	1
1498	FN1641-S	M2	65	24	1
1499	FN1642-S	M2	68	18	1
1500	FN1643-S	M2	77	129	1
1501	FN1644-S	M2	65	37	1
1502	FN1645-S	M2	64	18	1
1503	FN1646-S	M2	86	9	1
1504	FN1647-S	M2	88	21	1
1505	FN1648-S	M2	41	18	1
1506	FN1650-S	M2	103	31	1
1507	FN1651-S	M2	69	31	1
1508	FN1652-S	M2	80	30	1
1509	FN1655-S	M2-SOS	84	30	1
1510	FN1656-S	M2	83	36	1
1511	FN1657-S	M2	81	30	1
1512	FN1658-S	M2	84	19	1
1513	FN1660-S	M2	90	28	1
1514	FN1661-S	M2	77	31	1
1515	FN1662-S	M2	87	28	1
1516	FN1665-S	M2	104	144	1
1517	FN1666-S	M2	71	158	1
1518	FN1667-S	M2	68	10	1
1519	FN1668-S	M2	67	15	1
1520	FN1669-S	M2	66	61	1
1521	FN1670-S	M2	60	31	1
1522	FN1673-S	M2	52	10	1
1523	FN1674-S	M2	41	10	1
1524	FN1675-S	M2	69	155	1
1525	FN1677-S	M2	48	21	1
1526	FN1678-S	M2	42	15	1
1527	FN1679-S	M2	86	35	1
1528	FN1680-S	M2	46	6	1
1529	FN1681-S	M2	168	108	1
1530	FN1682-S	M2	72	39	1
1531	FN1684-S	M2	49	69	0
1532	FN1685-S	M2	62	12	1
1533	FN1686-S	M2	75	112	1
1534	FN1687-S	M2	54	14	1
1535	FN1688-S	M2	40	11	1
1536	FN1689-S	M2	57	15	1
1537	FN1690-S	M2	74	36	1
1538	FN1692-S	M2	56	38	1
1539	FN1693-S	M2	69	41	1
1540	FN1695-S	M2	43	15	1
1541	FN1696-S	M2	62	19	1
1542	FN1697-S	M2	83	21	1
1543	FN1698-S	M2	43	6	1
1544	FN1699-S	M2	31	21	1
1545	FN1700-S	M2	59	13	1
1546	FN1701-S	M2	57	19	1
1547	FN1702-S	M2	52	10	1
1548	FN1703-S	M2	93	38	1
1549	FN1704-S	M2	110	39	1
1550	FN1707-S	M2	82	13	1
1551	FN1708-S	M2	91	32	1
1552	FN1709-S	M2	70	62	1
1553	FN1711-S	M2	56	11	1
1554	FN1712-S	M2	58	17	1
1555	FN1713-S	M2	42	12	1
1556	FN1715-S	M2	45	11	1
1557	FN1716-S	M2	68	26	1
1558	FN1717-S	M2	75	55	1
1559	FN1718-S	M2	75	36	1
1560	FN1719-S	M2	66	13	1
1561	FN1720-S	M2	68	48	1
1562	FN1721-S	M2	59	9	1
1563	FN1722-S	M2	49	10	1
1564	FN1723-S	M2	68	27	1
1565	FN1724-S	M2	51	14	1
1566	FN1725-S	M2	65	13	1
1567	FN1726-S	M2	36	4	1
1568	FN1727-S	M2	49	33	1
1569	FN1728-S	M2	58	37	1
1570	FN1730-S	M2	50	132	1
1571	FN1731-S	M2	55	15	1
1572	FN1732-S	M2	64	6	1
1573	FN1734-S	M2	79	38	0
1574	FN1735-S	M2	72	65	1
1575	FN1736-S	M2	52	14	1
1576	FN1737-S	M2	78	110	1
1577	FN1738-S	M2	32	12	1
1578	FN1739-S	M2	67	56	1
1579	FN1740-S	M2	66	16	1
1580	FN1741-S	M2	57	40	1
1581	FN1742-S	M2	71	20	1
1582	FN1744-S	M2	32	7	1
1583	FN1745-S	M2	93	34	1
1584	FN1746-S	M2	144	51	1
1585	FN1748-S	M2	61	19	1
1586	FN1749-S	M2	89	194	1
1587	FN1750-S	M2	64	32	1
1588	FN1751-S	M2	52	11	1
1589	FN1753-S	M2	40	86	1
1590	FN1754-S	M2	66	82	1
1591	FN1755-S	M2	52	13	1
1592	FN1757-S	M2	41	45	1
1593	FN1758-S	M2	41	22	1
1594	FN1759-S	M2	60	36	1
1595	FN1760-S	M2	53	83	1
1596	FN1761-S	M2	57	49	1
1597	FN1762-S	M2	63	152	1
1598	FN1763-S	M2	61	11	1
1599	FN1764-S	M2	56	18	1
1600	FN1916	M2	60	36	1
1601	FN2080-S	M2	89	124	1
1602	FN2081-S	M2	64	61	1
1603	FN2082-S	M2	177	78	1
1604	FN2083-S	M2	431	131	1
1605	FN2084-S	M2	285	178	1
1606	FN2085-S	M2	80	28	1
1607	FN2086-S	M2	58	13	1
1608	FN2088-S	M2	54	31	1
1609	FN2089-S	M2	71	26	1
1610	FN2090-S	M2	183	506	1
1611	FN2091-S	M2	88	53	1
1612	FN2092-S	M2	58	74	1
1613	FN2093-S	M2	268	139	1
1614	FN2094-S	M2	59	17	1
1615	FN2095-S	M2	71	43	1
1616	FN2096-S	M2	71	62	1
1617	FN2097-S	M2	65	14	1
1618	FN2098-S	M2	65	33	1
1619	FN2102-S	M2	97	18	1
1620	FN2103-S	M2	59	18	1
1621	FN2104-S	M2	91	36	1
1622	FN2105-S	M2	50	11	1
1623	FN2106-S	M2	64	26	1
1624	FN2107-S	M2	82	45	1
1625	FN2108-S	M2	58	62	1
1626	FN2109-S	M2	59	21	1
1627	FN2110-S	M2	56	11	1
1628	FN2112-S	M2	67	29	1
1629	FN2113-S	M2	83	50	1
1630	FN2114-S	M2	65	28	1
1631	FN2115-S	M2	47	17	1
1632	FN2116-S	M2	69	48	1
1633	FN2117-S	M2	44	9	1
1634	FN2118-S	M2	70	20	1
1635	FN2119-S	M2	58	10	1
1636	FN2120-S	M2	81	18	1
1637	FN2121-S	M2	87	19	1
1638	FN2122-S	M2	96	24	1
1639	FN2123-S	M2	60	15	1
1640	FN2124-S	M2	92	37	1
1641	FN2125-S	M2	106	107	1
1642	FN2126-S	M2	160	83	1
1643	FN2128-S	M2	79	110	1
1644	FN2129-S	M2	124	68	1
1645	FN2130-S	M2	79	17	1
1646	FN2134-S	M2	140	51	1
1647	FN2136-S	M2	116	36	1
1648	FN2137-S	M2	93	64	1
1649	FN2138-S	M2	88	36	1
1650	FN2139-S	M2	90	25	1
1651	FN2140-S	M2	93	37	1
1652	FN2141-S	M2	153	196	1
1653	FN2142-S	M2	116	46	1
1654	FN2146-S	M2	108	29	1
1655	FN2147-S	M2	76	45	1
1656	FN2149-S	M2	66	17	1
1657	FN2150-S	M2	183	126	1
1658	FN2151-S	M2	80	61	1
1659	FN2152-S	M2	92	82	1
1660	FN2153-S	M2	206	116	1
1661	FN2155-S	M2	41	15	1
1662	FN2157-S	M2	113	118	1
1663	FN2158-S	M2	53	66	1
1664	FN2160-S	M2	119	31	1
1665	FN2161-S	M2	85	56	1
1666	FN2162-S	M2	45	53	1
1667	FN2163-S	M2	60	22	1
1668	FN2164-S	M2	74	35	1
1669	FN2165-S	M2	89	35	1
1670	FN2166-S	M2	120	80	1
1671	FN2167-S	M2	59	44	1
1672	FN2169-S	M2	74	54	1
1673	FN2171-S	M2	84	31	1
1674	FN2172-S	M2	67	42	1
1675	FN2173-S	M2	98	34	1
1676	FN2174-S	M2	66	32	1
1677	FN2175-S	M2	72	76	1
1678	FN2177-S	M2	80	12	1
1679	FN2178-S	M2	61	34	1
1680	FN2179-S	M2	73	78	1
1681	FN2180-S	M2	63	120	1
1682	FN2181-S	M2	64	18	1
1683	FN2182-S	M2	54	21	1
1684	FN2183-S	M2	76	11	1
1685	FN2184-S	M2	46	38	1
1686	FN2185-S	M2	67	14	1
1687	FN2187-S	M2	39	7	1
1688	FN2188-S	M2	61	22	1
1689	FN2190-S	M2	62	10	1
1690	FN2191-S	M2	79	141	1
1691	FN2192-S	M2	93	19	1
1692	FN2194-S	M2	67	22	1
1693	FN2195-S	M2	77	23	1
1694	FN2196-S	M2	92	125	1
1695	FN2197-S	M2	75	48	1
1696	FN2198-S	M2	58	8	1
1697	FN2199-S	M2	73	16	1
1698	FN2200-S	M2	73	23	1
1699	FN2201-S	M2	55	28	1
1700	FN2202-S	M2	60	6	1
1701	FN2203-S	M2	60	26	1
1702	FN2204-S	M2	91	27	1
1703	FN2205-S	M2	54	16	1
1704	FN2206-S	M2	41	7	1
1705	FN2207-S	M2	77	19	1
1706	FN2209-S	M2	71	80	1
1707	FN2210-S	M2	69	24	1
1708	FN2211-S	M2	45	15	1
1709	FN2212-S	M2	61	34	1
1710	FN2213-S	M2	62	12	1
1711	FN2214-S	M2	66	169	1
1712	FN2215-S	M2	70	16	1
1713	FN2216-S	M2	70	21	1
1714	FN2217-S	M2	69	61	1
1715	FN2218-S	M2	112	85	1
1716	FN2219-S	M2	76	107	1
1717	FN2220-S	M2	77	21	1
1718	FN2221-S	M2	62	15	1
1719	FN2222-S	M2	44	11	1
1720	FN2223-S	M2	88	16	1
1721	FN2224-S	M2-SOS	65	59	1
1722	FN2226-S	M2	66	7	1
1723	FN2229-S	M2	65	11	1
1724	FN2230-S	M2	75	127	1
1725	FN2231-S	M2	86	12	1
1726	FN2232-S	M2	63	29	1
1727	FN2233-S	M2	72	43	1
1728	FN2234-S	M2	73	25	1
1729	FN2235-S	M2	66	34	1
1730	FN2237-S	M2	129	127	1
1731	FN2239-S	M2	55	13	1
1732	FN2240-S	M2	58	44	1
1733	FN2241-S	M2	63	24	1
1734	FN2242-S	M2	79	18	1
1735	FN2243-S	M2	65	77	1
1736	FN2244-S	M2	53	12	1
1737	FN2245-S	M2	44	47	1
1738	FN2246-S	M2	62	13	1
1739	FN2247-S	M2	53	10	1
1740	FN2249-S	M2	55	13	1
1741	FN2251-S	M2	50	10	1
1742	FN2252-S	M2	81	9	1
1743	FN2253-S	M2	68	24	1
1744	FN2254-S	M2	61	23	1
1745	FN2255-S	M2	42	10	1
1746	FN2257-S	M2	63	26	1
1747	FN2258-S	M2	43	22	1
1748	FN2259-S	M2	48	9	1
1749	FN2260-S	M2	88	118	1
1750	FN2261-S	M2	65	68	1
1751	FN2262-S	M2	49	107	1
1752	FN2263-S	M2	60	95	1
1753	FN2264-S	M2	50	32	1
1754	FN2265-S	M2	86	17	1
1755	FN2266-S	M2	67	65	1
1756	FN2267-S	M2-SOS	63	12	1
1757	FN2268-S	M2	98	161	1
1758	FN2269-S	M2	60	27	1
1759	FN2271-S	M2	64	11	1
1760	FN2272-S	M2	58	7	1
1761	FN2273-S	M2	59	42	1
1762	FN2274-S	M2	86	21	1
1763	FN2275-S	M2	89	85	1
1764	FN2276-S	M2	56	13	1
1765	FN2278-S	M2	57	20	1
1766	FN2279-S	M2	107	36	1
1767	FN2280-S	M2	48	11	1
1768	FN2281	M2	83	34	1
1769	FN2282	M2	64	7	1
1770	FN2283	M2	64	39	1
1771	FN2284	M2	63	17	1
1772	FN2285	M2	56	8	1
1773	FN2286	M2	59	11	1
1774	FN2288	M2	55	93	1
1775	FN2289	M2	56	13	1
1776	FN2290	M2	68	20	1
1777	FN2291	M2	59	21	1
1778	FN2292	M2	66	17	1
1779	FN2293	M2	70	15	1
1780	FN2295	M2	75	11	1
1781	FN2296	M2	68	12	1
1782	FN2297	M2	72	22	1
1783	FN2298	M2	47	16	1
1784	FN2299	M2	59	64	1
1785	FN2300	M2	49	15	1
1786	FN2301	M2	68	25	1
1787	FN2302	M2	67	17	1
1788	FN2304	M2	89	20	1
1789	FN2305	M2	76	72	1
1790	FN2306	M2	75	21	1
1791	FN2307	M2	72	39	0
1792	FN2308	M2	70	68	1
1793	FN2309	M2	73	69	1
1794	FN2310	M2	204	93	1
1795	FN2311	M2	72	18	1
1796	FN2312	M2	64	22	1
1797	FN2313	M2	61	30	1
1798	FN2314	M2	92	108	1
1799	FN2315	M2	61	12	1
1800	FN2316	M2	62	15	1
1801	FN2317	M2	82	28	1
1802	FN2318	M2	52	36	1
1803	FN2320	M2	69	23	1
1804	FN2321	M2	51	19	1
1805	FN2322	M2	75	18	1
1806	FN2323	M2	67	36	1
1807	FN2324	M2	73	127	0
1808	FN2325	M2	61	13	1
1809	FN2326	M2	69	42	1
1810	FN2327	M2	84	24	1
1811	FN2328	M2	66	18	1
1812	FN2329	M2	68	58	1
1813	FN2330	M2	70	6	1
1814	FN2331	M2	66	12	1
1815	FN2332	M2	63	27	1
1816	FN2333	M2	70	13	1
1817	FN2334	M2	66	9	1
1818	FN2335	M2	58	17	1
1819	FN2337	M2	73	75	1
1820	FN2338	M2	62	12	1
1821	FN2339	M2	50	55	1
1822	FN2340	M2	69	13	1
1823	FN2342	M2	56	36	1
1824	FN2344	M2	57	84	1
1825	FN2345	M2	58	23	1
1826	FN2347	M2	60	6	1
1827	FN2348	M2	52	10	1
1828	FN2349	M2	64	13	1
1829	FN2350	M2	54	27	1
1830	FN2351	M2	77	58	1
1831	FN2352	M2	48	63	1
1832	FN2353	M2	66	11	1
1833	FN2354	M2	62	51	1
1834	FN2355	M2-SOS	52	49	1
1835	FN2356	M2	85	28	1
1836	FN2357	M2	56	88	1
1837	FN2358	M2	54	11	1
1838	FN2359	M2	44	13	1
1839	FN2360	M2	66	14	1
1840	FN2361	M2	63	33	1
1841	FN2362	M2	51	5	1
1842	FN2364	M2	73	91	1
1843	FN2365	M2	49	15	1
1844	FN2366	M2	56	10	1
1845	FN2370	M2	45	14	1
1846	FN2372	M2	69	83	1
1847	FN2373	M2	68	40	1
1848	FN2374	M2	66	13	1
1849	FN2375	M2	91	20	1
1850	FN2376	M2	55	37	1
1851	FN2377	M2	55	16	1
1852	FN2378	M2	90	42	1
1853	FN2379	M2	67	6	1
1854	FN2380	M2	73	26	1
1855	FN2381	M2	69	88	1
1856	FN2383	M2	46	32	1
1857	FN2385	M2	57	7	1
1858	FN2386	M2	102	31	1
1859	FN2387	M2	86	23	1
1860	FN2388	M2	62	17	1
1861	FN2390	M2	57	10	1
1862	FN2392	M2	62	8	1
1863	FN2395	M2	69	116	1
1864	FN2397	M2	68	12	1
1865	FN2398	M2	67	41	1
1866	FN2399	M2	59	21	1
1867	FN2401	M2-SOS	49	5	1
1868	FN2403	M2	101	31	1
1869	FN2404	M2	49	6	1
1870	FN2407	M2	71	25	1
1871	FN2408	M2	81	13	1
1872	FN2410	M2	65	57	1
1873	FN2411	M2	96	24	1
1874	FN2412	M2	93	48	1
1875	FN2415	M2	60	46	1
1876	FN2417	M2	73	57	1
1877	FN2418	M2	56	225	1
1878	FN2419	M2	68	11	1
1879	FN2420	M2	56	20	1
1880	FN2421	M2	89	48	1
1881	FN2422	M2	62	22	1
1882	FN2423	M2	64	22	1
1883	FN2424	M2	53	90	1
1884	FN2426	M2	89	20	1
1885	FN2428	M2	74	71	1
1886	FN2429	M2	82	38	1
1887	FN2430	M2	56	11	1
1888	FN2431	M2	69	55	1
1889	FN2432	M2	77	112	1
1890	FN2433	M2	63	23	1
1891	FN2434	M2	72	18	1
1892	FN2435	M2	75	13	1
1893	FN2436	M2	62	9	1
1894	FN2437	M2	65	8	1
1895	FN2438	M2	77	29	1
1896	FN2439	M2	80	35	1
1897	FN2440	M2	96	64	1
1898	FN2441	M2	78	17	1
1899	FN2442	M2	64	6	1
1900	FN2444	M2	69	23	1
1901	FN2445	M2	62	21	1
1902	FN2446	M2	62	59	1
1903	FN2447	M2	63	79	1
1904	FN2448	M2	45	12	1
1905	FN2449	M2	69	22	1
1906	FN2450	M2	48	4	1
1907	FN2451	M2	77	24	0
1908	FN2452	M2	77	57	1
1909	FN2453	M2	60	14	1
1910	FN2454	M2	67	44	1
1911	FN2455	M2	77	18	1
1912	FN2456	M2	74	28	1
1913	FN2457	M2	64	26	1
1914	FN2458	M2	65	24	1
1915	FN2459	M2	48	20	1
1916	FN2460	M2	51	11	1
1917	FN2461	M2	77	15	1
1918	FN2462	M2	84	129	1
1919	FN2463	M2	67	51	1
1920	FN2464	M2	65	15	1
1921	FN2465	M2	74	11	1
1922	FN2467	M2	73	55	1
1923	FN2468	M2	68	80	1
1924	FN2469	M2	55	14	1
1925	FN2470	M2	61	14	1
1926	FN2471	M2	66	15	1
1927	FN2472	M2	68	19	1
1928	FN2473	M2	64	12	1
1929	FN2474	M2	56	9	1
1930	FN2475	M2	69	20	1
1931	FN2476	M2	51	3	1
1932	FN2477	M2	78	24	1
1933	FN2478	M2	56	18	1
1934	FN2479	M2	75	13	1
1935	FN2480	M2	74	24	1
1936	FN2481	M2	47	11	1
1937	FN2482	M2	56	19	1
1938	FN2483	M2	73	94	1
1939	FN2484	M2	68	64	1
1940	FN2485	M2	88	69	1
1941	FN2486	M2	83	22	1
1942	FN2487	M2	66	11	1
1943	FN2488	M2	67	23	1
1944	FN2489	M2	71	20	1
1945	FN2491	M2	68	15	1
1946	FN2492	M2	81	15	1
1947	FN2493	M2	53	67	1
1948	FN2494	M2	54	8	1
1949	FN2495	M2	66	24	1
1950	FN2496	M2	53	13	1
1951	FN2497	M2	60	69	1
1952	FN2498	M2	62	48	1
1953	FN2499	M2	66	26	1
1954	FN2500	M2	72	35	1
1955	FN2529-S	M2	76	20	1
1956	FN2530-S	M2	90	13	1
1957	FN2531-S	M2	71	127	1
1958	FN2532-S	M2	80	24	1
1959	FN2533-S	M2	81	66	1
1960	FN2534-S	M2	63	27	1
1961	FN2535-S	M2	80	125	1
1962	FN2536-S	M2	89	21	1
1963	FN2537-S	M2	77	89	1
1964	FN2538-S	M2	69	11	1
1965	FN2539-S	M2	58	13	1
1966	FN2540-S	M2	72	33	1
1967	FN2541-S	M2	65	16	1
1968	FN2542-S	M2	74	15	1
1969	FN2544-S	M2	59	12	1
1970	FN2545-S	M2	83	42	1
1971	FN2546-S	M2	66	14	1
1972	FN2547-S	M2	98	31	1
1973	FN2549-S	M2	84	32	1
1974	FN2550-S	M2	73	16	1
1975	FN2551-S	M2	79	65	1
1976	FN2553-S	M2	83	34	1
1977	FN2554-S	M2	111	66	1
1978	FN2555-S	M2	74	19	1
1979	FN2556-S	M2	63	15	1
1980	FN2557-S	M2	65	16	1
1981	FN2558-S	M2	82	56	1
1982	FN2559-S	M2	73	70	1
1983	FN2560-S	M2	86	30	1
1984	FN2561-S	M2	66	35	1
1985	FN2562-S	M2	87	30	1
1986	FN2563-S	M2	69	25	1
1987	FN2564-S	M2	69	25	1
1988	FN2566-S	M2	59	107	1
1989	FN2568-S	M2	43	9	1
1990	FN2572-S	M2	186	65	1
1991	FN2573-S	M2	55	23	1
1992	FN2574-S	M2	88	25	1
1993	FN2575-S	M2	86	26	1
1994	FN2577-S	M2	84	25	1
1995	FN2578-S	M2	54	34	1
1996	FN2579-S	M2	79	13	1
1997	FN2580-S	M2	61	7	1
1998	FN2581-S	M2	66	139	1
1999	FN2582-S	M2	91	59	1
2000	FN2583-S	M2	112	28	1
2001	FN2584-S	M2	67	11	1
2002	FN2587-S	M2	77	67	1
2003	FN2588-S	M2	77	38	1
2004	FN2589-S	M2	72	51	1
2005	FN2591-S	M2	68	15	1
2006	FN2592-S	M2	66	13	1
2007	FN2593-S	M2	111	16	1
2008	FN2594-S	M2	62	18	1
2009	FN2595-S	M2	60	6	1
2010	FN2596-S	M2	72	11	1
2011	FN2597-S	M2	96	66	1
2012	FN2598-S	M2	49	21	1
2013	FN2599-S	M2	64	13	1
2014	FN2600-S	M2	79	11	1
2015	FN2602-S	M2	80	72	1
2016	FN2606-S	M2	89	37	1
2017	FN2607-S	M2	59	13	1
2018	FN2608-S	M2	70	16	1
2019	FN2609-S	M2	81	27	1
2020	FN2611-S	M2	123	20	1
2021	FN2612-S	M2	101	27	1
2022	FN2614-S	M2	71	15	1
2023	FN2617-S	M2	78	54	1
2024	FN2618-S	M2	82	110	1
2025	FN2619-S	M2	136	32	1
2026	FN2620-S	M2	103	76	1
2027	FN2621-S	M2	104	102	1
2028	FN2622-S	M2	80	29	1
2029	FN2625-S	M2	92	129	1
2030	FN2626-S	M2	107	39	1
2031	FN2627-S	M2	41	8	1
2032	FN2628-S	M2	59	78	1
2033	FN2629-S	M2	110	28	1
2034	FN2630-S	M2	91	15	1
2035	FN2631-S	M2	61	10	1
2036	FN2634-S	M2	77	40	1
2037	FN2637-S	M2	101	24	1
2038	FN2638-S	M2	87	20	1
2039	FN2639-S	M2	90	18	1
2040	FN2640-S	M2	77	25	1
2041	FN2645-S	M2	84	28	1
2042	FN2646-S	M2	92	17	1
2043	FN2646-S-1	M2	102	9	1
2044	FN2647-S	M2	159	34	0
2045	FN2648-S	M2	98	40	1
2046	FN2648-S-1	M2	104	28	1
2047	FN2649-S	M2	97	87	1
2048	FN2650-S	M2	96	17	1
2049	FN2651-S	M2	96	12	1
2050	FN2652-S	M2	66	30	1
2051	FN2652-S-1	M2	70	191	1
2052	FN2653-S	M2	91	10	1
2053	FN2654-S	M2	100	21	1
2054	FN2655-S	M2	78	11	1
2055	FN2656-S	M2	93	20	1
2056	FN2657-S	M2	110	16	1
2057	FN2657-S-1	M2	102	13	1
2058	FN2658-S	M2	84	46	1
2059	FN2659-S	M2	93	18	1
2060	FN2660-S	M2	81	23	1
2061	FN2660-S-1	M2	99	24	1
2062	FN2661-S	M2	59	19	1
2063	FN2661-S-1	M2	127	31	1
2064	FN2662-S	M2	72	57	1
2065	FN2663-S	M2	64	25	1
2066	FN2663-S-1	M2	96	28	1
2067	FN2664-S	M2	89	53	1
2068	FN2665-S	M2	83	20	0
2069	FN2666-S	M2	129	23	1
2070	FN2667-S	M2	126	37	1
2071	FN2668-S	M2	89	24	1
2072	FN2669-S	M2	89	16	0
2073	FN2670-S	M2	108	24	1
2074	FN2671-S	M2	68	18	1
2075	FN2673-S	M2	160	53	1
2076	FN2674-S	M2	81	28	1
2077	FN2675-S	M2	60	15	1
2078	FN2676-S	M2	92	24	1
2079	FN2677-S	M2	65	7	1
2080	FN2678-S	M2	58	13	1
2081	FN2678-S-1	M2	60	21	1
2082	FN2680-S	M2	77	20	1
2083	FN2681-S	M2	88	21	1
2084	FN2682-S	M2	112	22	1
2085	FN2683-S	M2	62	17	1
2086	FN2683-S-1	M2	61	11	1
2087	FN2684-S	M2	86	18	1
2088	FN2685-S	M2	60	13	1
2089	FN2686-S	M2	97	21	1
2090	FN2687-S	M2	126	24	1
2091	FN2688-S	M2	79	19	1
2092	FN2689-S	M2	84	51	1
2093	FN2690-S	M2	64	24	1
2094	FN2691-S	M2	89	89	1
2095	FN2692-S	M2	82	162	1
2096	FN2692-S-1	M2	42	108	1
2097	FN2696-S	M2	92	84	1
2098	FN2696-S-1	M2	107	85	1
2099	FN2697-S	M2	68	25	1
2100	FN2698-S	M2	96	11	1
2101	FN2701-S	M2	92	82	1
2102	FN2702-S	M2	81	18	1
2103	FN2703-S	M2	79	37	1
2104	FN2703-S-1	M2	61	20	1
2105	FN2704-S	M2	139	125	1
2106	FN2705-S	M2	55	9	1
2107	FN2706-S	M2	77	36	1
2108	FN2707-S	M2	73	15	1
2109	FN2707-S-1	M2	71	9	1
2110	FN2708-S	M2	92	12	1
2111	FN2708-S-1	M2	95	14	1
2112	FN2709-S	M2	65	9	1
2113	FN2709-S-1	M2	127	18	1
2114	FN2711-S	M2	95	11	1
2115	FN2711-S-1	M2	98	10	1
2116	FN2713-S	M2	76	34	1
2117	FN2714-S	M2	94	28	1
2118	FN2715-S	M2-SOS	166	61	1
2119	FN2719-S	M2	134	19	1
2120	FN2721-S	M2	81	67	0
2121	FN2723-S	M2	142	37	1
2122	FN2724-S	M2	70	40	1
2123	FN2724-S-1	M2	79	31	1
2124	FN2725-S	M2	158	33	1
2125	FN2726-S	M2	101	20	1
2126	FN2727-S	M2	106	63	1
2127	FN2729-S	M2	160	192	1
2128	FN2730-S	M2	73	31	1
2129	FN2731-S	M2	79	16	1
2130	FN2734-S	M2	120	43	1
2131	FN2735-S	M2	153	31	1
2132	FN2739-S	M2	84	107	1
2133	FN2740-S	M2	88	31	1
2134	FN2742-S	M2	92	71	1
2135	FN2749-S	M2	80	16	1
2136	FN2750-S	M2	48	5	1
2137	FN2751-S	M2	89	107	1
2138	FN2752-S	M2	166	37	1
2139	FN2753-S	M2	192	34	1
2140	FN2753-S-1	M2	94	7	1
2141	FN2754-S	M2	91	37	1
2142	FN2755-S	M2	192	43	1
2143	FN2755-S-1	M2	76	8	1
2144	FN2756-S	M2	57	26	1
2145	FN2756-S-1	M2	81	29	1
2146	FN2758-S	M2	59	9	1
2147	FN2760-S	M2	102	10	1
2148	FN2765-S	M2	115	51	0
2149	FN2767-S	M2	81	13	1
2150	FN2768-S	M2	80	20	1
2151	FN2771-S	M2	81	33	1
2152	FN2774-S	M2	79	22	1
2153	FN2779-S	M2	75	25	1
2154	FN2780-S	M2	95	36	1
2155	FN2781-S	M2	118	23	1
2156	FN2782-S	M2	88	22	1
2157	FN2784-S	M2	81	13	1
2158	FN2785-S	M2	75	25	1
2159	FN2788-S	M2	105	60	1
2160	FN2789-S	M2	73	15	1
2161	FN2790-S	M2	66	14	1
2162	FN2791-S	M2	96	12	1
2163	FN2792-S	M2	52	12	1
2164	FN2794-S	M2	87	19	1
2165	FN2795-S	M2	97	103	1
2166	FN2797-S	M2	72	21	1
2167	FN2882-S	M2	66	33	1
2168	FN2883-S	M2	83	14	1
2169	FN2885-S	M2	90	36	1
2170	FN2886-S	M2	94	20	1
2171	FN2887-S	M2	65	32	1
2172	FN2888-S	M2	121	94	1
2173	FN2889-S	M2	109	19	1
2174	FN2890-S	M2	107	16	1
2175	FN2891-S	M2	98	30	1
2176	FN2892-S	M2	68	15	1
2177	FN2893-S	M2	57	12	1
2178	FN2894-S	M2	61	9	1
2179	FN2895-S	M2	80	45	1
2180	FN2896-S	M2	70	9	1
2181	FN2897-S	M2	112	52	1
2182	FN2898-S	M2	157	21	1
2183	FN2899-S	M2	74	9	1
2184	FN2902-S	M2	180	95	1
2185	FN2904-S	M2	20	4	1
2186	FN2909-S	M2	11	4	1
2187	FN2913-S	M2	86	22	1
2188	FN2914-S	M2	92	8	1
2189	FN2915-S	M2	96	14	1
2190	FN2917-S	M2	115	20	1
2191	FN2918-S	M2	209	298	1
2192	FN2921-S	M2	80	17	1
2193	FN2922-S	M2	108	7	1
2194	FN2929-S	M2	154	263	1
2195	FN2932-S	M2	120	56	1
2196	FN2933-S	M2	106	15	1
2197	FN2939-S	M2	110	7	1
2198	FN2940-S	M2	99	17	1
2199	FN2942-S	M2	80	19	1
2200	FN2944-S	M2	96	79	1
2201	FN2947-S	M2	76	15	1
2202	FN2951-S	M2	71	15	1
2203	FN2953-S	M2	158	66	1
2204	FN2958-S	M2	115	21	1
2205	FN2967-S	M2	89	21	1
2206	FN2968-S	M2	91	38	1
2207	FN2970-S	M2	145	279	1
2208	FN2973-S	M2	113	86	1
2209	FN2976-S	M2	106	263	1
2210	FN2979-S	M2	112	50	1
2211	FN2986-S	M2	118	17	1
2212	FN2990-S	M2	73	21	1
2213	FN2991-S	M2	82	8	1
2214	FN2994-S	M2	103	11	1
2215	FN2996-S	M2	83	12	1
2216	FN3014-S	M2	287	634	0
2217	FN3015-S	M2	187	313	0
2218	FN3016-S	M2	159	239	0
2219	FN3019-S	M2	97	54	1
2220	FN3028-S	M2	1042	4631	1
2221	FN3033-S	M2	100	19	1
2222	FN3039-S	M2	56	14	1
2223	FN3050-S	M2	77	22	1
2224	FN3056-S	M2	32	7	1
2225	FN3057-S	M2	80	29	1
2226	FN3058-S	M2	68	57	1
2227	FN3064-S	M2	71	20	1
2228	FN3067-S	M2	149	231	1
2229	FN3085-S	M2	112	32	1
2230	FN3090-S	M2	47	12	1
2231	FN3092-S	M2	431	1421	1
2232	FN3094-S	M2	487	1862	1
2233	FN3095-S	M2	56	45	1
2234	FN3105-S	M2	77	43	1
2235	FN3110-S	M2	210	495	1
2236	FN3114-S	M2	96	33	1
2237	FN3115-S	M2	76	17	1
2238	FN3117-S	M2	70	15	0
2239	FN3119-S	M2	150	256	1
2240	FN3123-S	M2	102	30	1
2241	FN3126-S	M2	935	3436	1
2242	FN3129-S	M2	83	10	1
2243	FN3132-S	M2	87	50	1
2244	FN3134-S	M2	77	4	1
2245	FN3135-S	M2	99	35	1
2246	FN3142-S	M2	90	51	1
2247	FN3145-S	M2	122	52	1
2248	FN3146-S	M2	147	56	1
2249	FN3147-S	M2	68	22	1
2250	FN3150-S	M2	76	21	1
2251	FN3151-S	M2	61	22	1
2252	FN3155-S	M2	75	14	1
2253	FN3160-S	M2	77	12	1
2254	FN3164-S	M2	121	24	1
2255	FN3165-S	M2	99	21	1
2256	FN3171-S	M2	104	31	1
2257	FN3172-S	M2	104	26	1
2258	FN3173-S	M2	82	34	1
2259	FN3174-S	M2	79	41	1
2260	FN3175-S	M2	83	17	1
2261	FN3176-S	M2	56	9	1
2262	FN3177-S	M2	87	12	1
2263	FN3178-S	M2	79	154	1
2264	FN3179-S	M2	118	16	1
2265	FN3181-S	M2	83	69	1
2266	FN3182-S	M2	83	11	1
2267	FN3183-S	M2	79	9	1
2268	FN3184-S	M2	103	43	0
2269	FN3185-S	M2	82	20	1
2270	FN3187-S	M2	76	77	1
2271	FN3189-S	M2	84	38	1
2272	FN3194-S	M2	72	40	1
2273	FN3199-S	M2	76	36	1
2274	FN3200-S	M2	97	20	1
2275	FN3201-S	M2	100	11	1
2276	FN3202-S	M2	88	100	1
2277	FN3203-S	M2	78	11	1
2278	FN3204-S	M2	78	36	1
2279	FN3205-S	M2	102	12	1
2280	FN3206-S	M2	115	28	1
2281	FN3207-S	M2	77	7	1
2282	FN3208-S	M2	81	7	1
2283	FN3209-S	M2	90	17	1
2284	FN3210-S	M2	68	9	1
2285	FN3211-S	M2	89	6	1
2286	FN3212-S	M2	78	12	1
2287	FN3214-S	M2	97	13	1
2288	FN3215-S	M2	83	8	1
2289	FN3216-S	M2	84	7	1
2290	FN3217-S	M2	82	12	1
2291	FN3218-S	M2	68	23	1
2292	FN3219-S	M2	92	93	1
2293	FN3221-S	M2	93	20	1
2294	FN3222-S	M2	89	11	1
2295	FN3223-S	M2	83	16	1
2296	FN3226-S	M2	64	13	1
2297	FN3227-S	M2	87	19	1
2298	FN3228-S	M2	85	37	1
2299	FN3229-S	M2	69	8	1
2300	FN3230-S	M2	77	8	1
2301	FN3231-S	M2	61	8	1
2302	FN3232-S	M2	54	25	1
2303	FN3233-S	M2	96	44	1
2304	FN3234-S	M2	124	19	0
2305	FN3235-S	M2	103	30	1
2306	FN3236-S	M2	105	15	1
2307	FN3239-S	M2	84	56	1
2308	FN3241-S	M2	63	10	1
2309	FN3242-S	M2	82	21	1
2310	FN3243-S	M2	95	87	1
2311	FN3245-S	M2	267	41	1
2312	FN3248-S	M2	277	43	1
2313	FN3250-S	M2	75	22	1
2314	FN3251-S	M2	89	55	1
2315	FN3252-S	M2	77	73	1
2316	FN3253-S	M2	71	13	1
2317	FN3254-S	M2	67	19	1
2318	FN3255-S	M2	106	54	1
2319	FN3256-S	M2	81	140	1
2320	FN3257-S	M2	65	27	1
2321	FN3261-S	M2	189	31	1
2322	FN3262-S	M2	69	11	1
2323	FN3263-S	M2	74	12	1
2324	FN3268-S	M2	56	31	1
2325	FN3269-S	M2	82	23	1
2326	FN3270-S	M2	69	15	1
2327	FN3271-S	M2	114	42	1
2328	FN3272-S	M2	56	20	1
2329	FN3273-S	M2	89	41	1
2330	FN3276-S	M2	122	23	1
2331	FN3278-S	M2	163	35	1
2332	FN3279-S	M2	95	64	1
2333	FN3280-S	M2	60	123	1
2334	FN3282-S	M2	60	29	1
2335	FN3283-S	M2	55	52	1
2336	FN3285-S	M2	66	11	1
2337	FN3286-S	M2	66	9	1
2338	FN3287-S	M2	101	19	1
2339	FN3288-S	M2	60	20	1
2340	FN3292-S	M2	54	16	1
2341	FN3293-S	M2	83	21	1
2342	FN3294-S	M2	80	12	1
2343	FN3295-S	M2	43	10	1
2344	FN3296-S	M2	59	13	1
2345	FN3297-S	M2	54	9	1
2346	FN3298-S	M2	61	75	1
2347	FN3301-S	M2	71	107	1
2348	FN3302-S	M2	51	9	1
2349	FN3305-S	M2	45	58	1
2350	FN3306-S	M2	75	52	1
2351	FN3308-S	M2	55	28	1
2352	FN3309-S	M2	56	13	1
2353	FN3310-S	M2	75	17	1
2354	FN3311-S	M2	103	23	1
2355	FN3312-S	M2	74	97	1
2356	FN3316-S	M2	67	42	1
2357	FN3319-S	M2	64	20	1
2358	FN3322-S	M2	85	85	1
2359	FN3323-S	M2	60	11	1
2360	FN3324-S	M2	91	145	1
2361	FN3325-S	M2	75	15	1
2362	FN3326-S	M2	75	10	1
2363	FN3330-S	M2	51	11	1
2364	FN3331-S	M2	60	43	1
2365	FN3332-S	M2	84	89	1
2366	FN3339-S	M2	64	157	1
2367	FN3341-S	M2	47	30	1
2368	FN3342-S	M2	65	21	1
2369	FN3343-S	M2	94	42	1
2370	FN3345-S	M2	66	81	1
2371	FN3347-S	M2	74	42	1
2372	FN3353-S	M2	72	15	1
2373	FN3354-S	M2	70	25	1
2374	FN3355-S	M2	74	14	1
2375	FN3356-S	M2	72	38	1
2376	FN3357-S	M2	64	15	1
2377	FN3358-S	M2	66	17	1
2378	FN3359-S	M2	56	22	1
2379	FN3360-S	M2	74	47	1
2380	FN3362-S	M2	74	38	1
2381	FN3363-S	M2	78	118	1
2382	FN3364-S	M2	87	63	1
2383	FN3365-S	M2	47	19	1
2384	FN3366-S	M2	90	21	1
2385	FN3368-S	M2	72	19	1
2386	FN3369-S	M2	70	16	1
2387	FN3370-S	M2	57	23	1
2388	FN3371-S	M2	79	167	1
2389	FN3372-S	M2	76	42	1
2390	FN3373-S	M2	71	39	1
2391	FN3374-S	M2	50	13	1
2392	FN3375-S	M2	75	25	1
2393	FN3376-S	M2	78	16	1
2394	FN3377-S	M2	53	16	1
2395	FN3378-S	M2	69	38	1
2396	FN3380-S	M2	64	81	1
2397	FN3381-S	M2	60	29	1
2398	FN3382-S	M2	78	16	1
2399	FN3383-S	M2	76	17	1
2400	FN3384-S	M2	47	30	1
2401	FN3385-S	M2-SOS	66	21	1
2402	FN3386-S	M2	74	68	1
2403	FN3387-S	M2	93	26	1
2404	FN3388-S	M2	80	57	1
2405	FN3389-S	M2	71	93	1
2406	FN3390-S	M2	55	22	1
2407	FN3391-S	M2	55	59	1
2408	FN3393-S	M2	61	57	1
2409	FN3394-S	M2	59	26	1
2410	FN3395-S	M2	65	19	1
2411	FN3396-S	M2	77	11	1
2412	FN3398-S	M2	67	17	1
2413	FN3399-S	M2	37	5	1
2414	FN3400-S	M2	63	5	1
2415	FN3401-S	M2	69	9	1
2416	FN3404-S	M2	49	13	1
2417	FN3407-S	M2	57	14	1
2418	FN3411-S	M2	57	34	1
2419	FN3412-S	M2	75	100	1
2420	FN3413-S	M2	57	14	1
2421	FN3415-S	M2	57	21	1
2422	FN3416-S	M2	74	66	1
2423	FN3417-S	M2	62	22	1
2424	FN3418-S	M2	57	101	1
2425	FN3419-S	M2	68	18	1
2426	FN3420-S	M2	65	18	1
2427	FN3421-S	M2	84	35	1
2428	FN3422-S	M2	60	11	1
2429	FN3423-S	M2	48	13	1
2430	FN3424-S	M2	71	45	1
2431	FN3425-S	M2	52	11	1
2432	FN3426-S	M2	80	28	1
2433	FN3427-S	M2	54	13	1
2434	FN3429-S	M2	57	79	1
2435	FN3430-S	M2	63	41	1
2436	FN3431-S	M2	72	101	1
2437	FN3432-S	M2	82	19	1
2438	FN3433-S	M2	57	10	1
2439	FN3434-S	M2	73	12	1
2440	FN3435-S	M2	74	44	1
2441	FN3436-S	M2	56	81	1
2442	FN3437-S	M2	91	21	1
2443	FN3438-S	M2	98	59	1
2444	FN3439-S	M2	66	20	1
2445	FN3440-S	M2	84	107	1
2446	FN3442-S	M2	63	115	1
2447	FN3443-S	M2	59	24	1
2448	FN3444-S	M2	62	15	1
2449	FN3445-S	M2	65	12	1
2450	FN3446-S	M2	85	65	1
2451	FN3447-S	M2	56	12	1
2452	FN3448-S	M2	80	19	1
2453	FN3449-S	M2	57	40	1
2454	FN3450-S	M2	56	11	1
2455	FN3451-S	M2	54	19	1
2456	FN3452-S	M2	102	35	1
2457	FN3453-S	M2	62	24	1
2458	FN3454-S	M2	60	24	1
2459	FN3455-S	M2	86	19	1
2460	FN3456-S	M2	81	39	1
2461	FN3457-S	M2	48	12	1
2462	FN3459-S	M2	47	8	1
2463	FN3460-S	M2	64	28	1
2464	FN3462-S	M2	65	32	1
2465	FN3463-S	M2	40	10	1
2466	FN3464-S	M2	64	47	1
2467	FN3465-S	M2	56	13	1
2468	FN3466-S	M2	53	6	1
2469	FN3467-S	M2	51	62	1
2470	FN3468-S	M2	54	104	1
2471	FN3469-S	M2	28	4	1
2472	FN3470-S	M2	34	20	0
2473	FN3471-S	M2	46	49	1
2474	FN3472-S	M2	78	74	1
2475	FN3473-S	M2	51	9	1
2476	FN3474-S	M2	54	26	1
2477	FN3475-S	M2	50	13	1
2478	FN3476-S	M2	57	11	1
2479	FN3477-S	M2	70	23	1
2480	FN3478-S	M2	63	74	1
2481	FN3479-S	M2-SOS	69	32	1
2482	FN3480-S	M2	69	26	1
2483	FN3481-S	M2	65	56	1
2484	FN3482-S	M2	63	20	1
2485	FN3484-S	M2	86	42	1
2486	FN3485-S	M2	54	10	1
2487	FN3486-S	M2	70	36	1
2488	FN3487-S	M2	56	53	1
2489	FN3488-S	M2	51	21	1
2490	FN3489-S	M2	57	33	1
2491	FN3490-S	M2	75	71	1
2492	FN3491-S	M2	55	15	1
2493	FN3492-S	M2	61	55	1
2494	FN3493-S	M2	64	28	1
2495	FN3494-S	M2	63	6	1
2496	FN3495-S	M2	71	114	1
2497	FN3496-S	M2	59	24	1
2498	FN3499-S	M2	49	36	1
2499	FN3500-S	M2	59	22	1
2500	FN3501-S	M2	58	15	1
2501	FN3502-S	M2	49	4	1
2502	FN3503-S	M2	51	58	1
2503	FN3504-S	M2	55	16	1
2504	FN3505-S	M2	63	17	0
2505	FN3506-S	M2	75	15	1
2506	FN3507-S	M2	57	14	1
2507	FN3508-S	M2	60	11	1
2508	FN3509-S	M2	89	35	0
2509	FN3510-S	M2	70	41	1
2510	FN3511-S	M2	62	19	1
2511	FN3512-S	M2	47	2	1
2512	FN3513-S	M2	50	6	1
2513	FN3514-S	M2	90	28	0
2514	FN3515-S	M2	66	34	0
2515	FN3516-S	M2	88	27	1
2516	FN3517-S	M2	77	36	1
2517	FN3518-S	M2	62	51	1
2518	FN3519-S	M2	45	13	0
2519	FN3520-S	M2	68	20	1
2520	FN3521-S	M2	61	9	0
2521	FN3522-S	M2	58	6	1
2522	FN3523-S	M2	67	44	1
2523	FN3524-S	M2	74	36	1
2524	FN3525-S	M2	57	35	1
2525	FN3526-S	M2	59	47	0
2526	FN3527-S	M2	62	16	1
2527	FN3528-S	M2	97	90	1
2528	FN3529-S	M2	57	22	1
2529	FN3530-S	M2-SOS	67	27	1
2530	FN3531-S	M2	78	40	0
2531	FN3532-S	M2	58	29	1
2532	FN3533-S	M2	60	20	1
2533	FN3534-S	M2	74	13	1
2534	FN3535-S	M2	77	20	1
2535	FN3536-S	M2	56	11	1
2536	FN3537-S	M2	66	24	1
2537	FN3538-S	M2	63	30	1
2538	FN3539-S	M2	50	20	1
2539	FN3540-S	M2	45	50	1
2540	FN3541-S	M2	59	31	1
2541	FN3542-S	M2	51	140	1
2542	FN3543-S	M2	54	11	1
2543	FN3545-S	M2	55	56	1
2544	FN3546-S	M2	44	20	1
2545	FN3547-S	M2	52	70	1
2546	FN3548-S	M2	69	27	1
2547	FN3549-S	M2	71	26	1
2548	FN3550-S	M2	43	9	1
2549	FN3551-S	M2	61	8	1
2550	FN3552-S	M2	61	36	1
2551	FN3553-S	M2	67	23	1
2552	FN3554-S	M2	65	15	1
2553	FN3555-S	M2	56	67	1
2554	FN3556-S	M2	45	9	1
2555	FN3557-S	M2	69	32	1
2556	FN3558-S	M2	68	29	1
2557	FN3559-S	M2	68	17	1
2558	FN3560-S	M2	40	23	1
2559	FN3561-S	M2	50	18	1
2560	FN3562-S	M2	62	49	1
2561	FN3563-S	M2	69	9	1
2562	FN3564-S	M2	74	12	1
2563	FN3565-S	M2	49	53	1
2564	FN3566-S	M2	69	25	1
2565	FN3567-S	M2	68	40	1
2566	FN3568-S	M2	77	63	1
2567	FN3569-S	M2	81	83	1
2568	FN3570-S	M2	68	141	1
2569	FN3571-S	M2	51	14	1
2570	FN3572-S	M2	52	57	1
2571	FN3573-S	M2	31	5	1
2572	FN3574-S	M2	51	12	1
2573	FN3575-S	M2	46	12	1
2574	FN3576-S	M2	61	69	1
2575	FN3577-S	M2	55	14	1
2576	FN3578-S	M2	61	17	1
2577	FN3579-S	M2	61	29	1
2578	FN3580-S	M2	51	25	1
2579	FN3581-S	M2	45	50	1
2580	FN3591-S	M2	63	14	1
2581	FN3592-S	M2	67	23	1
2582	FN3593-S	M2	36	16	1
2583	FN3594-S	M2	58	10	1
2584	FN3595-S	M2	52	20	1
2585	FN3596-S	M2	59	19	1
2586	FN3597-S	M2	46	8	1
2587	FN3598-S	M2	69	33	1
2588	FN3599-S	M2	76	16	1
2589	FN3600-S	M2	40	5	1
2590	FN3601-S	M2	38	18	1
2591	FN3606-S	M2	46	15	1
2592	FN3607-S	M2	53	143	1
2593	FN3610-S	M2	44	6	1
2594	FN3613-S	M2	74	16	1
2595	FN3615-S	M2	51	39	1
2596	FN3626-S	M2	89	31	1
2597	FN3627-S	M2	76	22	1
2598	FN3628-S	M2	61	56	1
2599	FN3629-S	M2	66	23	1
2600	FN3630-S	M2	85	9	1
2601	FN3631-S	M2	53	33	1
2602	FN3632-S	M2	86	29	1
2603	FN3637-S	M2	77	83	1
2604	FN3639-S	M2	62	19	1
2605	FN3650-S	M2	61	17	1
2606	FN3651-S	M2	56	98	1
2607	FN3652-S	M2	61	51	1
2608	FN3653-S	M2	65	21	1
2609	FN3656-S	M2	62	49	1
2610	FN3657-S	M2	63	93	1
2611	FN3658-S	M2	55	26	1
2612	FN3659-S	M2	71	9	1
2613	FN3661-S	M2	61	42	1
2614	FN3662-S	M2	77	40	1
2615	FN3663-S	M2	54	23	1
2616	FN3664-S	M2	59	75	1
2617	FN3665-S	M2	97	16	1
2618	FN3666-S	M2	59	10	1
2619	FN3667-S	M2	87	47	1
2620	FN3668-S	M2	61	16	0
2621	FN3669-S	M2	55	103	1
2622	FN3670-S	M2	49	14	1
2623	FN3673-S	M2	60	12	1
2624	FN3674-S	M2	54	68	1
2625	FN3675-S	M2	58	17	1
2626	FN3676-S	M2	64	26	1
2627	FN3677-S	M2	72	14	1
2628	FN3678-S	M2	62	12	1
2629	FN3679-S	M2	78	126	1
2630	FN3681-S	M2	60	23	1
2631	FN3687-S	M2	57	137	1
2632	FN3690-S	M2	48	33	1
2633	FN3691-S	M2	38	67	1
2634	FN3692-S	M2	61	22	1
2635	FN3693-S	M2	39	7	1
2636	FN3694-S	M2	62	92	1
2637	FN3695-S	M2	62	85	1
2638	FN3696-S	M2	54	15	1
2639	FN3697-S	M2	56	10	1
2640	FN3698-S	M2	114	28	1
2641	FN3699-S	M2	64	22	1
2642	FN3700-S	M2	62	13	1
2643	FN3701-S	M2	61	17	1
2644	FN3705-S	M2	58	39	1
2645	FN3707-S	M2	66	15	1
2646	FN3708-S	M2	41	8	1
2647	FN3709-S	M2	74	100	1
2648	FN3710-S	M2	81	65	1
2649	FN3711-S	M2	62	7	1
2650	FN3712-S	M2	59	19	1
2651	FN3713-S	M2	66	15	1
2652	FN3714-S	M2	112	25	1
2653	FN3715-S	M2	96	76	1
2654	FN3716-S	M2-SOS	53	16	1
2655	FN3717-S	M2	46	17	1
2656	FN3718-S	M2	51	28	1
2657	FN3720-S	M2	51	7	1
2658	FN3721-S	M2	44	16	1
2659	FN3722-S	M2	59	242	1
2660	FN3723-S	M2	86	20	1
2661	FN3725-S	M2	69	45	1
2662	FN3727-S	M2	54	13	1
2663	FN3728-S	M2	52	20	1
2664	FN3729-S	M2	82	48	1
2665	FN3730-S	M2	75	48	1
2666	FN3731-S	M2	35	9	1
2667	FN3732-S	M2	52	16	1
2668	FN3733-S	M2	60	18	1
2669	FN3738-S	M2	52	42	1
2670	FN3740-S	M2	68	8	1
2671	FN3743-S	M2	53	18	1
2672	FN3746-S	M2	59	36	1
2673	FN3748-S	M2	42	11	1
2674	FN3749-S	M2	34	14	1
2675	FN3750-S	M2	63	11	1
2676	FN3751-S	M2	55	14	1
2677	FN3752-S	M2	52	52	1
2678	FN3753-S	M2	46	34	1
2679	FN3756-S	M2	68	30	1
2680	FN3757-S	M2	56	32	1
2681	FN3758-S	M2	57	89	1
2682	FN3759-S	M2	66	70	1
2683	FN3760-S	M2	59	53	1
2684	FN3761-S	M2	52	12	1
2685	FN3762-S	M2	51	14	1
2686	FN3763-S	M2	62	40	1
2687	FN3764-S	M2	56	12	1
2688	FN3765-S	M2	58	123	1
2689	FN3766-S	M2	66	12	1
2690	FN3767-S	M2	46	8	1
2691	FN3768-S	M2	64	37	1
2692	FN3769-S	M2	59	24	1
2693	FN3770-S	M2	54	27	1
2694	FN3771-S	M2	37	6	1
2695	FN3772-S	M2	62	47	1
2696	FN3773-S	M2	49	14	1
2697	FN3774-S	M2	51	19	1
2698	FN3775-S	M2	43	14	1
2699	FN3776-S	M2	63	15	1
2700	FN3777-S	M2	60	27	1
2701	FN3778-S	M2	66	93	1
2702	FN3779-S	M2	57	13	1
2703	FN3780-S	M2	54	11	1
2704	FN3781-S	M2	45	17	1
2705	FN3782-S	M2	61	19	1
2706	FN3783-S	M2	47	67	1
2707	FN3784-S	M2	43	52	1
2708	FN3785-S	M2	49	32	1
2709	FN3786-S	M2	56	35	1
2710	FN3787-S	M2	78	101	1
2711	FN3788-S	M2	39	17	1
2712	FN3789-S	M2	38	17	1
2713	FN3790-S	M2	98	147	1
2714	FN3791-S	M2	64	20	1
2715	FN3792-S	M2	82	34	1
2716	FN3793-S	M2	52	21	1
2717	FN3794-S	M2	47	18	1
2718	FN3795-S	M2	56	6	1
2719	FN3796-S	M2	58	29	1
2720	FN3797-S	M2	60	40	1
2721	FN3798-S	M2	56	12	1
2722	FN3799-S	M2	82	20	1
2723	FN3800-S	M2	78	12	1
2724	FN3801-S	M2	46	31	1
2725	FN3802-S	M2	69	25	1
2726	FN3803-S	M2	65	55	1
2727	FN3804-S	M2	72	25	1
2728	FN3805-S	M2	32	8	1
2729	FN3806-S	M2	58	11	1
2730	FN3807-S	M2	62	16	1
2731	FN3808-S	M2	58	36	1
2732	FN3809-S	M2	56	42	1
2733	FN3810-S	M2	68	88	1
2734	FN3811-S	M2	68	106	1
2735	FN3814-S	M2	53	26	1
2736	FN3815-S	M2	112	32	1
2737	FN3817-S	M2	48	18	1
2738	FN3818-S	M2	56	19	1
2739	FN3819-S	M2	59	20	1
2740	FN3820-S	M2	64	170	1
2741	FN3821-S	M2	84	73	1
2742	FN3822-S	M2	42	18	1
2743	FN3823-S	M2	56	13	1
2744	FN3824-S	M2	83	35	1
2745	FN3825-S	M2	57	9	1
2746	FN3826-S	M2	63	27	1
2747	FN3827-S	M2	42	12	1
2748	FN3828-S	M2-SOS	56	13	1
2749	FN3829-S	M2	66	18	1
2750	FN3830-S	M2	71	10	1
2751	FN3831-S	M2	68	33	1
2752	FN3832-S	M2	70	14	1
2753	FN3833-S	M2	59	90	1
2754	FN3834-S	M2	94	172	1
2755	FN3835-S	M2	42	82	1
2756	FN3836-S	M2	34	46	1
2757	FN3837-S	M2	59	14	1
2758	FN3838-S	M2	83	126	1
2759	FN3839-S	M2	75	75	1
2760	FN3840-S	M2	73	16	1
2761	FN3841-S	M2	36	8	1
2762	FN3842-S	M2	69	61	1
2763	FN3843-S	M2	79	21	1
2764	FN3844-S	M2	72	32	1
2765	FN3845-S	M2	66	16	1
2766	FN3846-S	M2	82	33	1
2767	FN3848-S	M2	89	21	1
2768	FN3849-S	M2	83	15	1
2769	FN3850-S	M2	50	14	1
2770	FN3851-S	M2	100	24	1
2771	FN3852-S	M2	69	40	1
2772	FN3853-S	M2	54	18	1
2773	FN3854-S	M2	82	29	1
2774	FN3855-S	M2	69	21	1
2775	FN3856-S	M2	102	108	1
2776	FN3857-S	M2	72	18	1
2777	FN3858-S	M2	90	42	1
2778	FN3859-S	M2	62	10	1
2779	FN3860-S	M2	54	25	1
2780	FN3861-S	M2	59	14	1
2781	FN3862-S	M2	54	198	1
2782	FN3863-S	M2	55	12	1
2783	FN3864-S	M2	63	16	1
2784	FN3865-S	M2	58	19	1
2785	FN3866-S	M2	53	16	1
2786	FN3867-S	M2	55	15	1
2787	FN3868-S	M2	51	67	1
2788	FN3869-S	M2	65	116	1
2789	FN3871-S	M2	66	66	1
2790	FN3872-S	M2	52	10	1
2791	FN3875-S	M2	44	25	1
2792	FN3877-S	M2	54	15	1
2793	FN3879-S	M2	76	114	1
2794	FN3880-S	M2	67	12	1
2795	FN3881-S	M2	53	16	1
2796	FN3883-S	M2	53	8	1
2797	FN3885-S	M2	65	15	1
2798	FN3886-S	M2	57	15	1
2799	FN3887-S	M2	63	7	1
2800	FN3888-S	M2	44	7	1
2801	FN3889-S	M2	73	20	1
2802	FN3890-S	M2	80	54	1
2803	FN3892-S	M2	58	20	1
2804	FN3893-S	M2	52	6	1
2805	FN3896-S	M2	47	16	1
2806	FN3897-S	M2	72	59	1
2807	FN3899-S	M2	59	26	1
2808	FN3900-S	M2	34	6	1
2809	FN3901-S	M2	55	23	1
2810	FN3902-S	M2	78	19	1
2811	FN3903-S	M2	69	30	1
2812	FN3905-S	M2	35	116	1
2813	FN3906-S	M2	59	18	1
2814	FN3909-S	M2	71	59	1
2815	FN3910-S	M2	52	21	1
2816	FN3911-S	M2	64	58	1
2817	FN3912-S	M2	48	23	1
2818	FN3913-S	M2	53	11	1
2819	FN3914-S	M2	56	29	1
2820	FN3915-S	M2	58	22	1
2821	FN3916-S	M2	72	34	1
2822	FN3917-S	M2	50	17	1
2823	FN3918-S	M2	52	92	1
2824	FN3919-S	M2	42	28	1
2825	FN3920-S	M2	49	17	1
2826	FN3921-S	M2	68	15	1
2827	FN3923-S	M2	54	32	1
2828	FN3924-S	M2	48	19	1
2829	FN3925-S	M2	62	14	1
2830	FN3926-S	M2	63	32	1
2831	FN3927-S	M2	44	7	1
2832	FN3928-S	M2	56	12	1
2833	FN3930-S	M2	59	20	1
2834	FN3932-S	M2	53	38	1
2835	FN3933-S	M2	55	22	1
2836	FN3934-S	M2	56	9	1
2837	FN3935-S	M2	64	12	1
2838	FN3937-S	M2	51	96	1
2839	FN3938-S	M2	50	52	1
2840	FN3939-S	M2	56	37	1
2841	FN3940-S	M2	59	12	1
2842	FN3941-S	M2	57	9	1
2843	FN3942-S	M2	55	11	1
2844	FN3943-S	M2	39	11	1
2845	FN3944-S	M2	53	7	1
2846	FN3945-S	M2	58	15	1
2847	FN3946-S	M2	45	18	1
2848	FN3947-S	M2	57	10	1
2849	FN3948-S	M2	57	7	1
2850	FN3949-S	M2	45	13	1
2851	FN3950-S	M2	64	15	1
2852	FN3951-S	M2	55	48	1
2853	FN3955-S	M2	72	25	1
2854	FN3956-S	M2	59	15	1
2855	FN3957-S	M2	49	53	1
2856	FN3958-S	M2	53	24	1
2857	FN3959-S	M2	51	16	1
2858	FN3964-S	M2	71	24	1
2859	FN3965-S	M2	49	142	1
2860	FN3966-S	M2	46	12	1
2861	FN3967-S	M2	54	24	1
2862	FN3968-S	M2	71	40	1
2863	FN3970-S	M2	59	15	1
2864	FN3971-S	M2	57	36	1
2865	FN3974-S	M2	42	10	1
2866	FN3976-S	M2	63	14	1
2867	FN3978-S	M2	50	5	1
2868	FN3979-S	M2	75	127	1
2869	FN3980-S	M2	50	39	1
2870	FN3981-S	M2	65	21	1
2871	FN3982-S	M2	58	15	1
2872	FN3983-S	M2	56	11	1
2873	FN3985-S	M2	56	8	1
2874	FN3987-S	M2	48	11	1
2875	FN3990-S	M2	63	24	1
2876	FN3991-S	M2	73	38	1
2877	FN3992-S	M2	69	59	1
2878	FN3993-S	M2	54	30	1
2879	FN3994-S	M2	73	83	1
2880	FN3997-S	M2	70	70	1
2881	FN3998-S	M2	70	30	1
2882	FN3999-S	M2	47	48	1
2883	FN4001-S	M2	58	21	1
2884	FN4002-S	M2	35	6	1
2885	FN4009-S	M2	41	9	1
2886	FN4010-S	M2	44	34	1
2887	FN4011-S	M2	85	23	1
2888	FN4016-S	M2	53	10	1
2889	FN4017-S	M2	48	19	1
2890	FN4020-S	M2	54	14	1
2891	FN4021-S	M2	42	17	1
2892	FN4022-S	M2	68	21	1
2893	FN4023-S	M2	55	65	1
2894	FN4024-S	M2	43	10	1
2895	FN4025-S	M2	52	17	1
2896	FN4030-S	M2	51	6	1
2897	FN4031-S	M2	52	57	1
2898	FN4032-S	M2	65	19	1
2899	FN4036-S	M2	41	14	1
2900	FN4037-S	M2	64	43	1
2901	FN4038-S	M2	48	16	1
2902	FN4039-S	M2	67	26	1
2903	FN4040-S	M2	62	46	1
2904	FN4041-S	M2	54	50	1
2905	FN4043-S	M2	61	22	1
2906	FN4044-S	M2	42	15	1
2907	FN4046-S	M2	53	20	1
2908	FN4047-S	M2	63	112	1
2909	FN4049-S	M2	54	19	1
2910	FN4050-S	M2	63	16	1
2911	FN4051-S	M2	49	14	1
2912	FN4052-S	M2	64	19	1
2913	FN4063-S	M2	73	33	1
2914	FN4064-S	M2	56	28	1
2915	FN4065-S	M2	40	20	1
2916	FN4066-S	M2	49	46	1
2917	FN4068-S	M2	39	11	1
2918	FN4069-S	M2	71	31	1
2919	FN4070-S	M2	73	46	1
2920	FN4071-S	M2	46	42	1
2921	FN4072-S	M2	59	8	1
2922	FN4073-S	M2	49	81	1
2923	FN4074-S	M2	67	20	1
2924	FN4075-S	M2	48	20	1
2925	FN4077-S	M2	56	31	1
2926	FN4078-S	M2	65	85	1
2927	FN4080-S	M2	65	175	1
2928	FN4081-S	M2	56	18	1
2929	FN4082-S	M2	63	41	1
2930	FN4083-S	M2	71	11	1
2931	FN4084-S	M2	40	20	1
2932	FN4087-S	M2	65	19	1
2933	FN4088-S	M2	51	13	1
2934	FN4089-S	M2	47	10	1
2935	FN4090-S	M2	56	11	1
2936	FN4093-S	M2	62	41	1
2937	FN4094-S	M2	53	13	1
2938	FN4095-S	M2	46	13	1
2939	FN4096-S	M2	43	14	1
2940	FN4098-S	M2	50	20	1
2941	FN4099-S	M2	44	27	1
2942	FN4100-S	M2	64	12	1
2943	FN4101-S	M2	50	11	1
2944	FN4103-S	M2	45	15	1
2945	FN4104-S	M2	58	61	1
2946	FN4105-S	M2	48	17	1
2947	FN4106-S	M2	52	18	1
2948	FN4107-S	M2	57	46	1
2949	FN4108-S	M2	62	20	1
2950	FN4109-S	M2	64	86	1
2951	FN4110-S	M2	63	30	1
2952	FN4111-S	M2	80	24	1
2953	FN4112-S	M2	49	11	1
2954	FN4113-S	M2	54	12	1
2955	FN4114-S	M2	52	60	1
2956	FN4116-S	M2	62	33	1
2957	FN4117-S	M2	60	16	1
2958	FN4119-S	M2	61	36	1
2959	FN4120-S	M2	50	60	1
2960	FN4121-S	M2	33	7	1
2961	FN4122-S	M2	63	20	1
2962	FN4123-S	M2	46	89	1
2963	FN4124-S	M2	63	14	1
2964	FN4125-S	M2	45	81	1
2965	FN4126-S	M2	50	12	1
2966	FN4128-S	M2	64	30	1
2967	FN4129-S	M2	55	85	1
2968	FN4130-S	M2	45	8	1
2969	FN4132-S	M2	53	12	1
2970	FN4133-S	M2	53	46	1
2971	FN4134-S	M2	56	38	1
2972	FN4135-S	M2	55	9	1
2973	FN4136-S	M2	39	13	1
2974	FN4137-S	M2	42	8	1
2975	FN4138-S	M2	49	12	1
2976	FN4139-S	M2	49	14	1
2977	FN4140-S	M2	54	17	1
2978	FN4141-S	M2	63	17	1
2979	FN4142-S	M2	55	32	1
2980	FN4143-S	M2	55	71	1
2981	FN4144-S	M2	56	42	1
2982	FN4145-S	M2	50	10	1
2983	FN4146-S	M2	63	23	1
2984	FN4147-S	M2	60	33	1
2985	FN4148-S	M2	76	78	1
2986	FN4149-S	M2	58	132	1
2987	FN4150-S	M2	85	56	1
2988	FN4151-S	M2	69	15	1
2989	FN4152-S	M2	49	11	1
2990	FN4153-S	M2	43	8	1
2991	FN4154-S	M2	53	92	1
2992	FN4155-S	M2	60	22	1
2993	FN4156-S	M2	51	12	1
2994	FN4158-S	M2	58	19	1
2995	FN4160-S	M2	68	37	1
2996	FN4161-S	M2	38	27	1
2997	FN4163-S	M2	60	137	1
2998	FN4164-S	M2	52	16	1
2999	FN4165-S	M2	60	17	1
3000	FN4166-S	M2	67	15	1
3001	FN4167-S	M2	62	26	1
3002	FN4172-S	M2	69	24	1
3003	FN4173-S	M2	53	11	1
3004	FN4174-S	M2	62	10	1
3005	FN4175-S	M2	42	9	1
3006	FN4176-S	M2	42	15	1
3007	FN4177-S	M2	77	60	1
3008	FN4178-S	M2	52	52	1
3009	FN4179-S	M2	62	22	1
3010	FN4180-S	M2	44	108	1
3011	FN4181-S	M2	58	15	1
3012	FN4182-S	M2	43	8	1
3013	FN4183-S	M2	78	55	1
3014	FN4184-S	M2	77	27	1
3015	FN4185-S	M2	43	9	1
3016	FN4187-S	M2	55	19	1
3017	FN4188-S	M2	91	45	1
3018	FN4189-S	M2	84	22	1
3019	FN4190-S	M2	68	170	1
3020	FN4201-S	M2	50	9	1
3021	FN4202-S	M2	84	19	1
3022	FN4203-S	M2	68	15	1
3023	FN4204-S	M2	75	16	1
3024	FN4206-S	M2	70	104	1
3025	FN4208-S	M2	54	21	1
3026	FN4221-S	M2	63	29	1
3027	FN4224-S	M2	68	32	1
3028	FN4229-S	M2	71	19	1
3029	FN4230-S	M2	80	33	1
3030	FN4231-S	M2	54	18	1
3031	FN4234-S	M2	99	74	1
3032	FN4235-S	M2	62	51	1
3033	FN4240-S	M2	59	21	1
3034	FN4241-S	M2	61	143	1
3035	FN4247-S	M2	91	77	1
3036	FN4249-S	M2	54	10	1
3037	FN4253-S	M2	55	24	1
3038	FN4255-S	M2	45	48	1
3039	FN4258-S	M2	77	37	1
3040	FN4260-S	M2	81	36	1
3041	FN4271-S	M2	84	38	1
3042	FN4272-S	M2	91	14	1
3043	FN4275-S	M2	57	34	1
3044	FN4279-S	M2	59	20	1
3045	FN4300-S	M2	66	37	1
3046	FN4302-S	M2	65	20	1
3047	FN4304-S	M2	65	17	1
3048	FN4305-S	M2	72	63	1
3049	FN4311-S	M2	53	18	1
3050	FN4312-S	M2	71	55	1
3051	FN4314-S	M2	66	16	1
3052	FN4325-S	M2	63	56	1
3053	FN4344-S	M2	65	11	1
3054	FN4353-S	M2	126	20	1
3055	FN4354-S	M2	85	42	1
3056	FN4361-S	M2	87	43	1
3057	FN4366-S	M2	92	17	1
3058	FN4367-S	M2	85	13	1
3059	FN4372-S	M2	75	8	1
3060	FN4377-S	M2	87	9	1
3061	FN4378-S	M2	84	88	1
3062	FN4379-S	M2	99	110	1
3063	FN4380-S	M2	83	38	1
3064	FN4381-S	M2	98	179	1
3065	FN4382-S	M2	80	5	1
3066	FN4383-S	M2	105	80	1
3067	FN4385-S	M2	135	61	1
3068	FN4386-2-S	M2	116	28	1
3069	FN4387-S	M2	97	18	1
3070	FN4388-S	M2	103	233	1
3071	FN4389-S	M2	107	20	1
3072	FN4390-S	M2	87	20	1
3073	FN4391-S	M2	88	17	1
3074	FN4392-S	M2	92	14	1
3075	FN4393-S	M2	131	20	1
3076	FN4394-S	M2	89	18	1
3077	FN4395-S	M2	81	7	1
3078	FN4396-S	M2	80	62	1
3079	FN4397-S	M2	85	19	1
3080	FN4398-S	M2	83	112	1
3081	FN4399-S	M2	110	158	1
3082	FN4400-S	M2	64	24	1
3083	FN4401-S	M2	84	12	1
3084	FN4402-S	M2	92	38	1
3085	FN4404-S	M2	114	12	1
3086	FN4405-S	M2	94	27	1
3087	FN4406-S	M2	32	2	1
3088	FN4411-S	M2	92	10	1
3089	FN4412-S	M2	95	121	1
3090	FN4413-S	M2	114	129	1
3091	FN4417-S	M2	114	27	1
3092	FN4425-S	M2	79	52	1
3093	FN4427-S	M2	83	7	1
3094	FN4434-S	M2	113	163	1
3095	FN4435-S	M2	86	13	1
3096	FN4440-S	M2	73	12	1
3097	FN4444-S	M2	92	24	1
3098	FN4445-S	M2	112	18	1
3099	FN4446-S	M2	77	19	1
3100	FN4448-S	M2	130	84	1
3101	FN4449-S	M2	236	36	1
3102	FN4451-S	M2	107	17	1
3103	FN4452-S	M2	91	49	1
3104	FN4453-S	M2	83	227	1
3105	FN4454-S	M2	73	40	1
3106	FN4455-S	M2	104	13	1
3107	FN4458-S	M2	89	10	1
3108	FN4463-S	M2	92	14	1
3109	FN4464-S	M2	102	14	1
3110	FN4466-S	M2	138	72	1
3111	FN4468-S	M2	83	67	1
3112	FN4469-S	M2	77	12	1
3113	FN4471-S	M2	70	11	1
3114	FN4472-S	M2	104	31	1
3115	FN4473-S	M2	77	65	1
3116	FN4474-S	M2	86	11	1
3117	FN4475-S	M2	70	7	1
3118	FN4476-S	M2	96	11	1
3119	FN4477-S	M2	73	24	1
3120	FN4478-S	M2	97	18	1
3121	FN4480-S	M2	101	24	1
3122	FN4481-S	M2	95	42	1
3123	FN4482-S	M2	78	19	1
3124	FN4483-S	M2	98	60	1
3125	FN4488-S	M2	81	10	1
3126	FN4489-S	M2	62	8	1
3127	FN4490-S	M2	91	13	1
3128	FN4491-S	M2	83	20	1
3129	FN4492-S	M2	77	8	1
3130	FN4493-S	M2	95	13	1
3131	FN4494-S	M2	101	16	1
3132	FN4495-S	M2	129	18	1
3133	FN4498-S	M2	257	27	1
3134	FN4501-S	M2	106	12	1
3135	FN4502-S	M2	144	14	1
3136	FN4503-S	M2	146	59	1
3137	FN4505-S	M2	161	31	1
3138	FN4510-S	M2	119	68	1
3139	FN4514-S	M2	143	33	1
3140	FN4515-S	M2	133	16	1
3141	FN4517-S	M2	119	13	1
3142	FN4518-S	M2	114	66	1
3143	FN4519-S	M2	139	19	1
3144	FN4522-S	M2	166	26	1
3145	FN4524-S	M2	146	93	1
3146	FN4526-S	M2	263	32	1
3147	FN4528-S	M2	143	21	1
3148	FN4529-S	M2	208	66	1
3149	FN4530-S	M2	133	26	1
3150	FN4533-S	M2	154	107	1
3151	FN4536-S	M2	151	22	1
3152	FN4539-S	M2	149	32	1
3153	FN4540-S	M2	133	17	1
3154	FN4545-S	M2	81	66	1
3155	FN4546-S	M2	117	15	1
3156	FN4547-2-S	M2	157	19	1
3157	FN4549-S	M2	89	27	1
3158	FN4554-2-S	M2	117	17	1
3159	FN4556-S	M2	159	62	1
3160	FN4558-S	M2	119	110	1
3161	FN4559-S	M2	92	42	1
3162	FN4560-S	M2	82	91	1
3163	FN4561-S	M2	151	21	1
3164	FN4562-S	M2	97	16	1
3165	FN4563-S	M2	111	13	1
3166	FN4564-S	M2	97	24	1
3167	FN4565-S	M2	116	16	1
3168	FN4566-S	M2	117	19	1
3169	FN4567-2-S	M2	149	136	1
3170	FN4568-S	M2	126	32	1
3171	FN4569-S	M2	131	42	1
3172	FN4570-S	M2	111	92	1
3173	FN4571-S	M2	128	60	1
3174	FN4572-S	M2	86	20	1
3175	FN4573-S	M2	131	54	1
3176	FN4574-2-S	M2	153	79	1
3177	FN4575-S	M2	150	36	1
3178	FN4576-S	M2	60	7	1
3179	FN4577-S	M2	116	17	1
3180	FN4578-S	M2	128	27	1
3181	FN4579-S	M2	110	22	1
3182	FN4580-S	M2	163	129	1
3183	FN4582-S	M2	137	55	1
3184	FN4583-S	M2	101	11	1
3185	FN4584-S	M2	161	97	1
3186	FN4585-S	M2	132	26	1
3187	FN4586-S	M2	123	64	1
3188	FN4587-S	M2	77	30	1
3189	FN4589-S	M2	78	11	1
3190	FN4590-2-S	M2	154	22	1
3191	FN4591-S	M2	147	22	1
3192	FN4592-S	M2	102	60	1
3193	FN4593-S	M2	90	25	1
3194	FN4594-S	M2	85	27	1
3195	FN4595-2-S	M2	157	38	1
3196	FN4597-S	M2	73	13	1
3197	FN4600-S	M2	103	22	1
3198	FN4603-S	M2	183	48	1
3199	FN4604-2-S	M2	133	17	1
3200	FN4605-S	M2	74	9	1
3201	FN4606-2-S	M2	127	23	1
3202	FN4607-S	M2	78	66	1
3203	FN4608-S	M2	65	24	1
3204	FN4610-S	M2	92	34	1
3205	FN4668-S	M2	138	85	1
3206	FN4680-S	M2	124	20	1
3207	FN4687-S	M2	112	60	1
3208	FN4688-S	M2	164	25	1
3209	FN4713-S	M2	728	209	1
3210	FN4716-S	M2	102	18	1
3211	FN4726-S	M2	183	47	1
3212	FN4742-S	M2	100	45	1
3213	FN4745-S	M2	85	7	1
3214	FN4746-S	M2	114	15	1
3215	FN4752-S	M2	92	6	1
3216	FN4758-S	M2	157	201	1
3217	FN4766-S	M2	114	140	1
3218	FN4767-S	M2	105	12	1
3219	FN4769-S	M2	157	29	1
3220	FN4773-S	M2	148	21	1
3221	FN4775-S	M2	73	17	1
3222	FN4777-S	M2	126	13	1
3223	FN4792-S	M2	155	63	1
3224	FN4830-S	M2	183	126	1
3225	FN4845-S	M2	162	125	1
3226	FN4847-S	M2	173	27	1
3227	FN4851-S	M2	203	26	1
3228	FN4853-S	M2	153	28	1
3229	FN4856-S	M2	172	61	1
3230	FN4862-S	M2	147	19	1
3231	FN4872-S	M2	141	79	1
